[21:28:28][pdx_persistent_reader.cpp:268]: Error: "Failed to read key reference: unrecognized_power_ai_buff: unrecognized_power_ai_buff, near line: 1" in file: "" near line: 1
[21:28:28][pdx_persistent_reader.cpp:268]: Error: "Failed to read key reference: ai_unrecognized_power_buff: ai_unrecognized_power_buff, near line: 1" in file: "" near line: 1
[21:28:28][pdx_persistent_reader.cpp:268]: Error: "Failed to read key reference: unrecognized_power_ai_buff: unrecognized_power_ai_buff, near line: 1" in file: "" near line: 1
[21:28:28][pdx_persistent_reader.cpp:268]: Error: "Failed to read key reference: ai_unrecognized_power_buff: ai_unrecognized_power_buff, near line: 1" in file: "" near line: 1
[21:28:28][pdx_persistent_reader.cpp:268]: Error: "Failed to read key reference: unrecognized_power_ai_buff: unrecognized_power_ai_buff, near line: 1" in file: "" near line: 1
[21:28:28][pdx_persistent_reader.cpp:268]: Error: "Failed to read key reference: open_market_policies: open_market_policies, near line: 1" in file: "" near line: 1
[21:28:28][pdx_persistent_reader.cpp:268]: Error: "Failed to read key reference: open_market_policies_modifier: open_market_policies_modifier, near line: 1" in file: "" near line: 1
[21:28:28][pdx_persistent_reader.cpp:268]: Error: "Failed to read key reference: ai_unrecognized_power_buff: ai_unrecognized_power_buff, near line: 1" in file: "" near line: 1
[21:28:28][pdx_persistent_reader.cpp:268]: Error: "Failed to read key reference: unrecognized_power_ai_buff: unrecognized_power_ai_buff, near line: 1" in file: "" near line: 1
[21:28:28][pdx_persistent_reader.cpp:268]: Error: "Failed to read key reference: ai_unrecognized_regional_power_buff: ai_unrecognized_regional_power_buff, near line: 1" in file: "" near line: 1
[21:28:28][pdx_persistent_reader.cpp:268]: Error: "Failed to read key reference: unrecognized_regional_power_ai_buff: unrecognized_regional_power_ai_buff, near line: 1" in file: "" near line: 1
[21:28:28][pdx_persistent_reader.cpp:268]: Error: "Failed to read key reference: ai_insignificant_power_buff: ai_insignificant_power_buff, near line: 1" in file: "" near line: 1
[21:28:28][pdx_persistent_reader.cpp:268]: Error: "Failed to read key reference: insignificant_power_ai_buff: insignificant_power_ai_buff, near line: 1" in file: "" near line: 1
[21:28:28][pdx_persistent_reader.cpp:268]: Error: "Failed to read key reference: ai_unrecognized_power_buff: ai_unrecognized_power_buff, near line: 1" in file: "" near line: 1
[21:28:28][pdx_persistent_reader.cpp:268]: Error: "Failed to read key reference: unrecognized_power_ai_buff: unrecognized_power_ai_buff, near line: 1" in file: "" near line: 1
[21:28:28][pdx_persistent_reader.cpp:268]: Error: "Failed to read key reference: ai_unrecognized_regional_power_buff: ai_unrecognized_regional_power_buff, near line: 1" in file: "" near line: 1
[21:28:28][pdx_persistent_reader.cpp:268]: Error: "Failed to read key reference: unrecognized_regional_power_ai_buff: unrecognized_regional_power_ai_buff, near line: 1" in file: "" near line: 1
[21:28:28][pdx_persistent_reader.cpp:268]: Error: "Failed to read key reference: ai_minor_power_buff: ai_minor_power_buff, near line: 1" in file: "" near line: 1
[21:28:28][pdx_persistent_reader.cpp:268]: Error: "Failed to read key reference: minor_power_ai_buff: minor_power_ai_buff, near line: 1" in file: "" near line: 1
[21:28:28][pdx_persistent_reader.cpp:268]: Error: "Failed to read key reference: ai_minor_power_buff: ai_minor_power_buff, near line: 1" in file: "" near line: 1
[21:28:28][pdx_persistent_reader.cpp:268]: Error: "Failed to read key reference: minor_power_ai_buff: minor_power_ai_buff, near line: 1" in file: "" near line: 1
[21:28:28][pdx_persistent_reader.cpp:268]: Error: "Failed to read key reference: western_army_affairs_movement: western_army_affairs_movement, near line: 1" in file: "" near line: 1
[21:28:28][pdx_persistent_reader.cpp:268]: Error: "Failed to read key reference: ai_unrecognized_power_buff: ai_unrecognized_power_buff, near line: 1" in file: "" near line: 1
[21:28:28][pdx_persistent_reader.cpp:268]: Error: "Failed to read key reference: unrecognized_power_ai_buff: unrecognized_power_ai_buff, near line: 1" in file: "" near line: 1
[21:28:28][pdx_persistent_reader.cpp:268]: Error: "Failed to read key reference: ai_unrecognized_power_buff: ai_unrecognized_power_buff, near line: 1" in file: "" near line: 1
[21:28:28][pdx_persistent_reader.cpp:268]: Error: "Failed to read key reference: unrecognized_power_ai_buff: unrecognized_power_ai_buff, near line: 1" in file: "" near line: 1
[21:28:28][pdx_persistent_reader.cpp:268]: Error: "Failed to read key reference: ai_insignificant_power_buff: ai_insignificant_power_buff, near line: 1" in file: "" near line: 1
[21:28:28][pdx_persistent_reader.cpp:268]: Error: "Failed to read key reference: insignificant_power_ai_buff: insignificant_power_ai_buff, near line: 1" in file: "" near line: 1
[21:28:28][pdx_persistent_reader.cpp:268]: Error: "Failed to read key reference: ai_unrecognized_power_buff: ai_unrecognized_power_buff, near line: 1" in file: "" near line: 1
[21:28:28][pdx_persistent_reader.cpp:268]: Error: "Failed to read key reference: unrecognized_power_ai_buff: unrecognized_power_ai_buff, near line: 1" in file: "" near line: 1
[21:28:28][pdx_persistent_reader.cpp:268]: Error: "Failed to read key reference: ai_unrecognized_power_buff: ai_unrecognized_power_buff, near line: 1" in file: "" near line: 1
[21:28:28][pdx_persistent_reader.cpp:268]: Error: "Failed to read key reference: unrecognized_power_ai_buff: unrecognized_power_ai_buff, near line: 1" in file: "" near line: 1
[21:28:28][pdx_persistent_reader.cpp:268]: Error: "Failed to read key reference: tanzimat_fiscal_modernization: tanzimat_fiscal_modernization, near line: 1" in file: "" near line: 1
[21:28:28][pdx_persistent_reader.cpp:268]: Error: "Failed to read key reference: ai_insignificant_power_buff: ai_insignificant_power_buff, near line: 1" in file: "" near line: 1
[21:28:28][pdx_persistent_reader.cpp:268]: Error: "Failed to read key reference: insignificant_power_ai_buff: insignificant_power_ai_buff, near line: 1" in file: "" near line: 1
[21:28:28][pdx_persistent_reader.cpp:268]: Error: "Failed to read key reference: ai_unrecognized_power_buff: ai_unrecognized_power_buff, near line: 1" in file: "" near line: 1
[21:28:28][pdx_persistent_reader.cpp:268]: Error: "Failed to read key reference: unrecognized_power_ai_buff: unrecognized_power_ai_buff, near line: 1" in file: "" near line: 1
[21:28:28][pdx_persistent_reader.cpp:268]: Error: "Failed to read key reference: carlsbad_decrees_journal: carlsbad_decrees_journal, near line: 1" in file: "" near line: 1
[21:28:28][pdx_persistent_reader.cpp:268]: Error: "Failed to read key reference: carlsbad_decrees_1_modifier: carlsbad_decrees_1_modifier, near line: 1" in file: "" near line: 1
[21:28:28][pdx_persistent_reader.cpp:268]: Error: "Failed to read key reference: carlsbad_decrees_journal: carlsbad_decrees_journal, near line: 1" in file: "" near line: 1
[21:28:28][pdx_persistent_reader.cpp:268]: Error: "Failed to read key reference: carlsbad_decrees_1_modifier: carlsbad_decrees_1_modifier, near line: 1" in file: "" near line: 1
[21:28:28][pdx_persistent_reader.cpp:268]: Error: "Failed to read key reference: carlsbad_decrees_journal: carlsbad_decrees_journal, near line: 1" in file: "" near line: 1
[21:28:28][pdx_persistent_reader.cpp:268]: Error: "Failed to read key reference: carlsbad_decrees_1_modifier: carlsbad_decrees_1_modifier, near line: 1" in file: "" near line: 1
[21:28:28][pdx_persistent_reader.cpp:268]: Error: "Failed to read key reference: carlsbad_decrees_journal: carlsbad_decrees_journal, near line: 1" in file: "" near line: 1
[21:28:28][pdx_persistent_reader.cpp:268]: Error: "Failed to read key reference: carlsbad_decrees_1_modifier: carlsbad_decrees_1_modifier, near line: 1" in file: "" near line: 1
[21:28:28][pdx_persistent_reader.cpp:268]: Error: "Failed to read key reference: carlsbad_decrees_journal: carlsbad_decrees_journal, near line: 1" in file: "" near line: 1
[21:28:28][pdx_persistent_reader.cpp:268]: Error: "Failed to read key reference: carlsbad_decrees_1_modifier: carlsbad_decrees_1_modifier, near line: 1" in file: "" near line: 1
[21:28:28][pdx_persistent_reader.cpp:268]: Error: "Failed to read key reference: ai_unrecognized_regional_power_buff: ai_unrecognized_regional_power_buff, near line: 1" in file: "" near line: 1
[21:28:28][pdx_persistent_reader.cpp:268]: Error: "Failed to read key reference: unrecognized_regional_power_ai_buff: unrecognized_regional_power_ai_buff, near line: 1" in file: "" near line: 1
[21:28:28][pdx_persistent_reader.cpp:268]: Error: "Failed to read key reference: state_trait_gotakanal_canal: state_trait_gotakanal_canal, near line: 1
Failed to read key reference: state_trait_seasonal_ice: state_trait_seasonal_ice, near line: 1" in file: "" near line: 1
[21:28:28][pdx_persistent_reader.cpp:268]: Error: "Failed to read key reference: state_trait_gotakanal_canal: state_trait_gotakanal_canal, near line: 1" in file: "" near line: 1
[21:28:28][pdx_persistent_reader.cpp:268]: Error: "Failed to read key reference: state_trait_north_german_plains: state_trait_north_german_plains, near line: 1" in file: "" near line: 1
[21:28:28][pdx_persistent_reader.cpp:268]: Error: "Failed to read key reference: state_trait_ice_prone: state_trait_ice_prone, near line: 1" in file: "" near line: 1
[21:28:28][pdx_persistent_reader.cpp:268]: Error: "Failed to read key reference: state_trait_north_german_plains: state_trait_north_german_plains, near line: 1" in file: "" near line: 1
[21:28:28][pdx_persistent_reader.cpp:268]: Error: "Failed to read key reference: state_trait_copenhagen_canal: state_trait_copenhagen_canal, near line: 1
Failed to read key reference: state_trait_north_german_plains: state_trait_north_german_plains, near line: 1" in file: "" near line: 1
[21:28:28][pdx_persistent_reader.cpp:268]: Error: "Failed to read key reference: state_trait_north_sea_oilfield: state_trait_north_sea_oilfield, near line: 1" in file: "" near line: 1
[21:28:28][pdx_persistent_reader.cpp:268]: Error: "Failed to read key reference: state_trait_halogaland_river: state_trait_halogaland_river, near line: 1
Failed to read key reference: state_trait_north_sea_oilfield: state_trait_north_sea_oilfield, near line: 1" in file: "" near line: 1
[21:28:28][pdx_persistent_reader.cpp:268]: Error: "Failed to read key reference: state_trait_icebound: state_trait_icebound, near line: 1" in file: "" near line: 1
[21:28:28][pdx_persistent_reader.cpp:268]: Error: "Failed to read key reference: state_trait_thames_river: state_trait_thames_river, near line: 1
Failed to read key reference: state_trait_regent_canal: state_trait_regent_canal, near line: 1
Failed to read key reference: state_trait_west_europe_plains: state_trait_west_europe_plains, near line: 1" in file: "" near line: 1
[21:28:28][pdx_persistent_reader.cpp:268]: Error: "Failed to read key reference: state_trait_mersey_river: state_trait_mersey_river, near line: 1
Failed to read key reference: state_trait_liverpool_anchester_canal: state_trait_liverpool_anchester_canal, near line: 1" in file: "" near line: 1
[21:28:28][pdx_persistent_reader.cpp:268]: Error: "Failed to read key reference: state_trait_severn_river: state_trait_severn_river, near line: 1
Failed to read key reference: state_trait_llangollen_canal: state_trait_llangollen_canal, near line: 1" in file: "" near line: 1
[21:28:28][pdx_persistent_reader.cpp:268]: Error: "Failed to read key reference: state_trait_severn_river: state_trait_severn_river, near line: 1
Failed to read key reference: state_trait_liverpool_anchester_canal: state_trait_liverpool_anchester_canal, near line: 1" in file: "" near line: 1
[21:28:28][pdx_persistent_reader.cpp:268]: Error: "Failed to read key reference: state_trait_caledonian_canal: state_trait_caledonian_canal, near line: 1
Failed to read key reference: state_trait_tay_river: state_trait_tay_river, near line: 1
Failed to read key reference: state_trait_north_sea_oilfield: state_trait_north_sea_oilfield, near line: 1
Failed to read key reference: state_trait_invergordon_port: state_trait_invergordon_port, near line: 1" in file: "" near line: 1
[21:28:28][pdx_persistent_reader.cpp:268]: Error: "Failed to read key reference: state_trait_severn_river: state_trait_severn_river, near line: 1
Failed to read key reference: state_trait_birmingham_canal: state_trait_birmingham_canal, near line: 1" in file: "" near line: 1
[21:28:28][pdx_persistent_reader.cpp:268]: Error: "Failed to read key reference: state_trait_thames_river: state_trait_thames_river, near line: 1
Failed to read key reference: state_trait_birmingham_canal: state_trait_birmingham_canal, near line: 1
Failed to read key reference: state_trait_west_europe_plains: state_trait_west_europe_plains, near line: 1" in file: "" near line: 1
[21:28:28][pdx_persistent_reader.cpp:268]: Error: "Failed to read key reference: state_trait_cornwall_leadfield: state_trait_cornwall_leadfield, near line: 1
Failed to read key reference: state_trait_thames_river: state_trait_thames_river, near line: 1
Failed to read key reference: state_trait_bristol_chichester_canal: state_trait_bristol_chichester_canal, near line: 1
Failed to read key reference: state_trait_west_europe_plains: state_trait_west_europe_plains, near line: 1" in file: "" near line: 1
[21:28:28][pdx_persistent_reader.cpp:268]: Error: "Failed to read key reference: state_trait_caledonian_canal: state_trait_caledonian_canal, near line: 1
Failed to read key reference: state_trait_clyde_river: state_trait_clyde_river, near line: 1
Failed to read key reference: state_trait_north_sea_oilfield: state_trait_north_sea_oilfield, near line: 1
Failed to read key reference: state_trait_firth_of_clyde_1_level: state_trait_firth_of_clyde_1_level, near line: 1" in file: "" near line: 1
[21:28:28][pdx_persistent_reader.cpp:268]: Error: "Failed to read key reference: state_trait_belfast_port: state_trait_belfast_port, near line: 1
Failed to read key reference: state_trait_belfast_shannon_canal: state_trait_belfast_shannon_canal, near line: 1" in file: "" near line: 1
[21:28:28][pdx_persistent_reader.cpp:268]: Error: "Failed to read key reference: state_trait_belfast_shannon_canal: state_trait_belfast_shannon_canal, near line: 1" in file: "" near line: 1
[21:28:28][pdx_persistent_reader.cpp:268]: Error: "Failed to read key reference: state_trait_belfast_shannon_canal: state_trait_belfast_shannon_canal, near line: 1" in file: "" near line: 1
[21:28:28][pdx_persistent_reader.cpp:268]: Error: "Failed to read key reference: state_trait_belfast_shannon_canal: state_trait_belfast_shannon_canal, near line: 1" in file: "" near line: 1
[21:28:28][pdx_persistent_reader.cpp:268]: Error: "Failed to read key reference: state_trait_marne_river: state_trait_marne_river, near line: 1
Failed to read key reference: state_trait_saint_martin_canal: state_trait_saint_martin_canal, near line: 1
Failed to read key reference: state_trait_west_europe_plains: state_trait_west_europe_plains, near line: 1" in file: "" near line: 1
[21:28:28][pdx_persistent_reader.cpp:268]: Error: "Failed to read key reference: state_trait_foothills_alps: state_trait_foothills_alps, near line: 1
Failed to read key reference: state_trait_mediterranean_coast: state_trait_mediterranean_coast, near line: 1" in file: "" near line: 1
[21:28:28][pdx_persistent_reader.cpp:268]: Error: "Failed to read key reference: state_trait_du_nord_canal: state_trait_du_nord_canal, near line: 1
Failed to read key reference: state_trait_saint_quentin_ironfield: state_trait_saint_quentin_ironfield, near line: 1
Failed to read key reference: state_trait_west_europe_plains: state_trait_west_europe_plains, near line: 1" in file: "" near line: 1
[21:28:28][pdx_persistent_reader.cpp:268]: Error: "Failed to read key reference: state_trait_garonne_river: state_trait_garonne_river, near line: 1
Failed to read key reference: state_trait_massif_central: state_trait_massif_central, near line: 1
Failed to read key reference: state_trait_mediterranean_coast: state_trait_mediterranean_coast, near line: 1" in file: "" near line: 1
[21:28:28][pdx_persistent_reader.cpp:268]: Error: "Failed to read key reference: state_trait_foothills_alps: state_trait_foothills_alps, near line: 1
Failed to read key reference: state_trait_lausanne_canal: state_trait_lausanne_canal, near line: 1" in file: "" near line: 1
[21:28:28][pdx_persistent_reader.cpp:268]: Error: "Failed to read key reference: state_trait_du_nord_canal: state_trait_du_nord_canal, near line: 1
Failed to read key reference: state_trait_west_europe_plains: state_trait_west_europe_plains, near line: 1" in file: "" near line: 1
[21:28:28][pdx_persistent_reader.cpp:268]: Error: "Failed to read key reference: state_trait_marne_river: state_trait_marne_river, near line: 1
Failed to read key reference: state_trait_du_nord_canal: state_trait_du_nord_canal, near line: 1
Failed to read key reference: state_trait_west_europe_plains: state_trait_west_europe_plains, near line: 1" in file: "" near line: 1
[21:28:28][pdx_persistent_reader.cpp:268]: Error: "Failed to read key reference: state_trait_lorraine_ironfield: state_trait_lorraine_ironfield, near line: 1
Failed to read key reference: state_trait_west_europe_plains: state_trait_west_europe_plains, near line: 1" in file: "" near line: 1
[21:28:28][pdx_persistent_reader.cpp:268]: Error: "Failed to read key reference: state_trait_west_europe_plains: state_trait_west_europe_plains, near line: 1" in file: "" near line: 1
[21:28:28][pdx_persistent_reader.cpp:268]: Error: "Failed to read key reference: state_trait_garonne_river: state_trait_garonne_river, near line: 1
Failed to read key reference: state_trait_massif_central: state_trait_massif_central, near line: 1" in file: "" near line: 1
[21:28:28][pdx_persistent_reader.cpp:268]: Error: "Failed to read key reference: state_trait_de_berry_canal: state_trait_de_berry_canal, near line: 1
Failed to read key reference: state_trait_massif_central: state_trait_massif_central, near line: 1" in file: "" near line: 1
[21:28:28][pdx_persistent_reader.cpp:268]: Error: "Failed to read key reference: state_trait_du_nord_canal: state_trait_du_nord_canal, near line: 1
Failed to read key reference: state_trait_west_europe_plains: state_trait_west_europe_plains, near line: 1" in file: "" near line: 1
[21:28:28][pdx_persistent_reader.cpp:268]: Error: "Failed to read key reference: state_trait_saone_river: state_trait_saone_river, near line: 1
Failed to read key reference: state_trait_marne_river: state_trait_marne_river, near line: 1
Failed to read key reference: state_trait_west_europe_plains: state_trait_west_europe_plains, near line: 1" in file: "" near line: 1
[21:28:28][pdx_persistent_reader.cpp:268]: Error: "Failed to read key reference: state_trait_saone_river: state_trait_saone_river, near line: 1
Failed to read key reference: state_trait_foothills_alps: state_trait_foothills_alps, near line: 1" in file: "" near line: 1
[21:28:28][pdx_persistent_reader.cpp:268]: Error: "Failed to read key reference: state_trait_meuse_river: state_trait_meuse_river, near line: 1
Failed to read key reference: state_trait_lorraine_ironfield: state_trait_lorraine_ironfield, near line: 1
Failed to read key reference: state_trait_west_europe_plains: state_trait_west_europe_plains, near line: 1" in file: "" near line: 1
[21:28:28][pdx_persistent_reader.cpp:268]: Error: "Failed to read key reference: state_trait_garonne_river: state_trait_garonne_river, near line: 1
Failed to read key reference: state_trait_west_europe_plains: state_trait_west_europe_plains, near line: 1" in file: "" near line: 1
[21:28:28][pdx_persistent_reader.cpp:268]: Error: "Failed to read key reference: state_trait_de_berry_canal: state_trait_de_berry_canal, near line: 1
Failed to read key reference: state_trait_west_europe_plains: state_trait_west_europe_plains, near line: 1" in file: "" near line: 1
[21:28:28][pdx_persistent_reader.cpp:268]: Error: "Failed to read key reference: state_trait_amsterdam_canal: state_trait_amsterdam_canal, near line: 1
Failed to read key reference: state_trait_north_sea_oilfield: state_trait_north_sea_oilfield, near line: 1
Failed to read key reference: state_trait_north_german_plains: state_trait_north_german_plains, near line: 1" in file: "" near line: 1
[21:28:28][pdx_persistent_reader.cpp:268]: Error: "Failed to read key reference: state_trait_zeeland_canal: state_trait_zeeland_canal, near line: 1
Failed to read key reference: state_trait_north_sea_oilfield: state_trait_north_sea_oilfield, near line: 1
Failed to read key reference: state_trait_north_german_plains: state_trait_north_german_plains, near line: 1" in file: "" near line: 1
[21:28:28][pdx_persistent_reader.cpp:268]: Error: "Failed to read key reference: state_trait_meuse_river: state_trait_meuse_river, near line: 1
Failed to read key reference: state_trait_venlo_mechelen_canal: state_trait_venlo_mechelen_canal, near line: 1
Failed to read key reference: state_trait_north_german_plains: state_trait_north_german_plains, near line: 1" in file: "" near line: 1
[21:28:28][pdx_persistent_reader.cpp:268]: Error: "Failed to read key reference: state_trait_meuse_river: state_trait_meuse_river, near line: 1
Failed to read key reference: state_trait_west_europe_plains: state_trait_west_europe_plains, near line: 1" in file: "" near line: 1
[21:28:28][pdx_persistent_reader.cpp:268]: Error: "Failed to read key reference: state_trait_venlo_mechelen_canal: state_trait_venlo_mechelen_canal, near line: 1
Failed to read key reference: state_trait_west_europe_plains: state_trait_west_europe_plains, near line: 1" in file: "" near line: 1
[21:28:28][pdx_persistent_reader.cpp:268]: Error: "Failed to read key reference: state_trait_habsburg_canal: state_trait_habsburg_canal, near line: 1
Failed to read key reference: state_trait_lower_austria_ironfield: state_trait_lower_austria_ironfield, near line: 1" in file: "" near line: 1
[21:28:28][pdx_persistent_reader.cpp:268]: Error: "Failed to read key reference: state_trait_bohemian_canal: state_trait_bohemian_canal, near line: 1
Failed to read key reference: state_trait_bohemia_ironfield: state_trait_bohemia_ironfield, near line: 1" in file: "" near line: 1
[21:28:28][pdx_persistent_reader.cpp:268]: Error: "Failed to read key reference: state_trait_morava_river: state_trait_morava_river, near line: 1
Failed to read key reference: state_trait_brunn_coalfield: state_trait_brunn_coalfield, near line: 1" in file: "" near line: 1
[21:28:28][pdx_persistent_reader.cpp:268]: Error: "Failed to read key reference: state_trait_foothills_alps: state_trait_foothills_alps, near line: 1" in file: "" near line: 1
[21:28:28][pdx_persistent_reader.cpp:268]: Error: "Failed to read key reference: state_trait_north_german_plains: state_trait_north_german_plains, near line: 1" in file: "" near line: 1
[21:28:28][pdx_persistent_reader.cpp:268]: Error: "Failed to read key reference: state_trait_bremerhaven: state_trait_bremerhaven, near line: 1
Failed to read key reference: state_trait_oldenburg_hamburg_canal: state_trait_oldenburg_hamburg_canal, near line: 1
Failed to read key reference: state_trait_north_german_plains: state_trait_north_german_plains, near line: 1" in file: "" near line: 1
[21:28:28][pdx_persistent_reader.cpp:268]: Error: "Failed to read key reference: state_trait_lausanne_canal: state_trait_lausanne_canal, near line: 1" in file: "" near line: 1
[21:28:28][pdx_persistent_reader.cpp:268]: Error: "Failed to read key reference: state_trait_rhine_nau_canal: state_trait_rhine_nau_canal, near line: 1
Failed to read key reference: state_trait_north_german_plains: state_trait_north_german_plains, near line: 1" in file: "" near line: 1
[21:28:28][pdx_persistent_reader.cpp:268]: Error: "Failed to read key reference: state_trait_north_german_plains: state_trait_north_german_plains, near line: 1" in file: "" near line: 1
[21:28:28][pdx_persistent_reader.cpp:268]: Error: "Failed to read key reference: state_trait_rhine_nau_canal: state_trait_rhine_nau_canal, near line: 1
Failed to read key reference: state_trait_north_german_plains: state_trait_north_german_plains, near line: 1" in file: "" near line: 1
[21:28:28][pdx_persistent_reader.cpp:268]: Error: "Failed to read key reference: state_trait_venlo_mechelen_canal: state_trait_venlo_mechelen_canal, near line: 1
Failed to read key reference: state_trait_rhine_nau_canal: state_trait_rhine_nau_canal, near line: 1
Failed to read key reference: state_trait_north_german_plains: state_trait_north_german_plains, near line: 1" in file: "" near line: 1
[21:28:28][pdx_persistent_reader.cpp:268]: Error: "Failed to read key reference: state_trait_fernofo_canal: state_trait_fernofo_canal, near line: 1
Failed to read key reference: state_trait_north_german_plains: state_trait_north_german_plains, near line: 1" in file: "" near line: 1
[21:28:28][pdx_persistent_reader.cpp:268]: Error: "Failed to read key reference: state_trait_kiel_port: state_trait_kiel_port, near line: 1
Failed to read key reference: state_trait_north_german_plains: state_trait_north_german_plains, near line: 1" in file: "" near line: 1
[21:28:28][pdx_persistent_reader.cpp:268]: Error: "Failed to read key reference: state_trait_main_river: state_trait_main_river, near line: 1" in file: "" near line: 1
[21:28:28][pdx_persistent_reader.cpp:268]: Error: "Failed to read key reference: state_trait_oldenburg_hamburg_canal: state_trait_oldenburg_hamburg_canal, near line: 1
Failed to read key reference: state_trait_north_german_plains: state_trait_north_german_plains, near line: 1" in file: "" near line: 1
[21:28:28][pdx_persistent_reader.cpp:268]: Error: "Failed to read key reference: state_trait_north_german_plains: state_trait_north_german_plains, near line: 1" in file: "" near line: 1
[21:28:28][pdx_persistent_reader.cpp:268]: Error: "Failed to read key reference: state_trait_rhine_main_danube_canal: state_trait_rhine_main_danube_canal, near line: 1" in file: "" near line: 1
[21:28:28][pdx_persistent_reader.cpp:268]: Error: "Failed to read key reference: state_trait_main_river: state_trait_main_river, near line: 1
Failed to read key reference: state_trait_rhine_main_danube_canal: state_trait_rhine_main_danube_canal, near line: 1" in file: "" near line: 1
[21:28:28][pdx_persistent_reader.cpp:268]: Error: "Failed to read key reference: state_trait_saxony_mine: state_trait_saxony_mine, near line: 1
Failed to read key reference: state_trait_north_german_plains: state_trait_north_german_plains, near line: 1" in file: "" near line: 1
[21:28:28][pdx_persistent_reader.cpp:268]: Error: "Failed to read key reference: state_trait_north_german_plains: state_trait_north_german_plains, near line: 1
Failed to read key reference: state_trait_main_river: state_trait_main_river, near line: 1" in file: "" near line: 1
[21:28:28][pdx_persistent_reader.cpp:268]: Error: "Failed to read key reference: state_trait_north_german_plains: state_trait_north_german_plains, near line: 1" in file: "" near line: 1
[21:28:28][pdx_persistent_reader.cpp:268]: Error: "Failed to read key reference: state_trait_rhine_nau_canal: state_trait_rhine_nau_canal, near line: 1
Failed to read key reference: state_trait_north_german_plains: state_trait_north_german_plains, near line: 1" in file: "" near line: 1
[21:28:28][pdx_persistent_reader.cpp:268]: Error: "Failed to read key reference: state_trait_west_europe_plains: state_trait_west_europe_plains, near line: 1" in file: "" near line: 1
[21:28:28][pdx_persistent_reader.cpp:268]: Error: "Failed to read key reference: state_trait_naviglio_di_canal: state_trait_naviglio_di_canal, near line: 1
Failed to read key reference: state_trait_foothills_alps: state_trait_foothills_alps, near line: 1" in file: "" near line: 1
[21:28:28][pdx_persistent_reader.cpp:268]: Error: "Failed to read key reference: state_trait_genoa_port: state_trait_genoa_port, near line: 1
Failed to read key reference: state_trait_foothills_alps: state_trait_foothills_alps, near line: 1
Failed to read key reference: state_trait_val_daosta: state_trait_val_daosta, near line: 1
Failed to read key reference: state_trait_mediterranean_coast: state_trait_mediterranean_coast, near line: 1" in file: "" near line: 1
[21:28:28][pdx_persistent_reader.cpp:268]: Error: "Failed to read key reference: state_trait_iglesiente_leadfield: state_trait_iglesiente_leadfield, near line: 1
Failed to read key reference: state_trait_mediterranean_coast: state_trait_mediterranean_coast, near line: 1" in file: "" near line: 1
[21:28:28][pdx_persistent_reader.cpp:268]: Error: "Failed to read key reference: state_trait_mediterranean_coast: state_trait_mediterranean_coast, near line: 1" in file: "" near line: 1
[21:28:28][pdx_persistent_reader.cpp:268]: Error: "Failed to read key reference: state_trait_mediterranean_coast: state_trait_mediterranean_coast, near line: 1" in file: "" near line: 1
[21:28:28][pdx_persistent_reader.cpp:268]: Error: "Failed to read key reference: state_trait_mediterranean_coast: state_trait_mediterranean_coast, near line: 1" in file: "" near line: 1
[21:28:28][pdx_persistent_reader.cpp:268]: Error: "Failed to read key reference: state_trait_mediterranean_coast: state_trait_mediterranean_coast, near line: 1" in file: "" near line: 1
[21:28:28][pdx_persistent_reader.cpp:268]: Error: "Failed to read key reference: state_trait_mediterranean_coast: state_trait_mediterranean_coast, near line: 1" in file: "" near line: 1
[21:28:28][pdx_persistent_reader.cpp:268]: Error: "Failed to read key reference: state_trait_mediterranean_coast: state_trait_mediterranean_coast, near line: 1" in file: "" near line: 1
[21:28:28][pdx_persistent_reader.cpp:268]: Error: "Failed to read key reference: state_trait_mediterranean_coast: state_trait_mediterranean_coast, near line: 1" in file: "" near line: 1
[21:28:28][pdx_persistent_reader.cpp:268]: Error: "Failed to read key reference: state_trait_mediterranean_coast: state_trait_mediterranean_coast, near line: 1" in file: "" near line: 1
[21:28:28][pdx_persistent_reader.cpp:268]: Error: "Failed to read key reference: state_trait_di_reno_canal: state_trait_di_reno_canal, near line: 1
Failed to read key reference: state_trait_elba_ironfield: state_trait_elba_ironfield, near line: 1
Failed to read key reference: state_trait_mediterranean_coast: state_trait_mediterranean_coast, near line: 1" in file: "" near line: 1
[21:28:28][pdx_persistent_reader.cpp:268]: Error: "Failed to read key reference: state_trait_mediterranean_coast: state_trait_mediterranean_coast, near line: 1" in file: "" near line: 1
[21:28:28][pdx_persistent_reader.cpp:268]: Error: "Failed to read key reference: state_trait_mediterranean_coast: state_trait_mediterranean_coast, near line: 1" in file: "" near line: 1
[21:28:28][pdx_persistent_reader.cpp:268]: Error: "Failed to read key reference: state_trait_naviglio_grande: state_trait_naviglio_grande, near line: 1
Failed to read key reference: state_trait_venice_port: state_trait_venice_port, near line: 1
Failed to read key reference: state_trait_val_trompia: state_trait_val_trompia, near line: 1
Failed to read key reference: state_trait_mediterranean_coast: state_trait_mediterranean_coast, near line: 1
Failed to read key reference: state_trait_foothills_alps: state_trait_foothills_alps, near line: 1" in file: "" near line: 1
[21:28:28][pdx_persistent_reader.cpp:268]: Error: "Failed to read key reference: state_trait_mediterranean_coast: state_trait_mediterranean_coast, near line: 1" in file: "" near line: 1
[21:28:28][pdx_persistent_reader.cpp:268]: Error: "Failed to read key reference: state_trait_castilla_canal: state_trait_castilla_canal, near line: 1" in file: "" near line: 1
[21:28:28][pdx_persistent_reader.cpp:268]: Error: "Failed to read key reference: state_trait_castilla_canal: state_trait_castilla_canal, near line: 1" in file: "" near line: 1
[21:28:28][pdx_persistent_reader.cpp:268]: Error: "Failed to read key reference: state_trait_pyrenees_mountains: state_trait_pyrenees_mountains, near line: 1" in file: "" near line: 1
[21:28:28][pdx_persistent_reader.cpp:268]: Error: "Failed to read key reference: state_trait_ebro_river: state_trait_ebro_river, near line: 1
Failed to read key reference: state_trait_pyrenees_mountains: state_trait_pyrenees_mountains, near line: 1" in file: "" near line: 1
[21:28:28][pdx_persistent_reader.cpp:268]: Error: "Failed to read key reference: state_trait_ebro_river: state_trait_ebro_river, near line: 1
Failed to read key reference: state_trait_pyrenees_mountains: state_trait_pyrenees_mountains, near line: 1
Failed to read key reference: state_trait_mediterranean_coast: state_trait_mediterranean_coast, near line: 1" in file: "" near line: 1
[21:28:28][pdx_persistent_reader.cpp:268]: Error: "Failed to read key reference: state_trait_mediterranean_coast: state_trait_mediterranean_coast, near line: 1" in file: "" near line: 1
[21:28:28][pdx_persistent_reader.cpp:268]: Error: "Failed to read key reference: state_trait_la_carolina_linares_leadfield: state_trait_la_carolina_linares_leadfield, near line: 1
Failed to read key reference: state_trait_mediterranean_coast: state_trait_mediterranean_coast, near line: 1" in file: "" near line: 1
[21:28:28][pdx_persistent_reader.cpp:268]: Error: "Failed to read key reference: state_trait_la_carolina_linares_leadfield: state_trait_la_carolina_linares_leadfield, near line: 1
Failed to read key reference: state_trait_gibraltar_port: state_trait_gibraltar_port, near line: 1
Failed to read key reference: state_trait_mediterranean_coast: state_trait_mediterranean_coast, near line: 1" in file: "" near line: 1
[21:28:28][pdx_persistent_reader.cpp:268]: Error: "Failed to read key reference: state_trait_valencia_canal: state_trait_valencia_canal, near line: 1
Failed to read key reference: state_trait_mediterranean_coast: state_trait_mediterranean_coast, near line: 1" in file: "" near line: 1
[21:28:28][pdx_persistent_reader.cpp:268]: Error: "Failed to read key reference: state_trait_bosphorus_srait: state_trait_bosphorus_srait, near line: 1
Failed to read key reference: state_trait_mediterranean_coast: state_trait_mediterranean_coast, near line: 1" in file: "" near line: 1
[21:28:28][pdx_persistent_reader.cpp:268]: Error: "Failed to read key reference: state_trait_east_europe_plains: state_trait_east_europe_plains, near line: 1" in file: "" near line: 1
[21:28:28][pdx_persistent_reader.cpp:268]: Error: "Failed to read key reference: state_trait_mediterranean_coast: state_trait_mediterranean_coast, near line: 1
Failed to read key reference: state_trait_dinaric_alps: state_trait_dinaric_alps, near line: 1
Failed to read key reference: state_trait_prokletije_mountains: state_trait_prokletije_mountains, near line: 1" in file: "" near line: 1
[21:28:28][pdx_persistent_reader.cpp:268]: Error: "Failed to read key reference: state_trait_sava_river: state_trait_sava_river, near line: 1
Failed to read key reference: state_trait_dinaric_alps: state_trait_dinaric_alps, near line: 1" in file: "" near line: 1
[21:28:28][pdx_persistent_reader.cpp:268]: Error: "Failed to read key reference: state_trait_svilengrad_ironfield: state_trait_svilengrad_ironfield, near line: 1
Failed to read key reference: state_trait_rila_mountains: state_trait_rila_mountains, near line: 1" in file: "" near line: 1
[21:28:28][pdx_persistent_reader.cpp:268]: Error: "Failed to read key reference: state_trait_balkan_mountains: state_trait_balkan_mountains, near line: 1" in file: "" near line: 1
[21:28:28][pdx_persistent_reader.cpp:268]: Error: "Failed to read key reference: state_trait_sava_river: state_trait_sava_river, near line: 1
Failed to read key reference: state_trait_dinaric_alps: state_trait_dinaric_alps, near line: 1" in file: "" near line: 1
[21:28:28][pdx_persistent_reader.cpp:268]: Error: "Failed to read key reference: state_trait_mediterranean_coast: state_trait_mediterranean_coast, near line: 1" in file: "" near line: 1
[21:28:28][pdx_persistent_reader.cpp:268]: Error: "Failed to read key reference: state_trait_sava_river: state_trait_sava_river, near line: 1
Failed to read key reference: state_trait_mediterranean_coast: state_trait_mediterranean_coast, near line: 1
Failed to read key reference: state_trait_dinaric_alps: state_trait_dinaric_alps, near line: 1" in file: "" near line: 1
[21:28:28][pdx_persistent_reader.cpp:268]: Error: "Failed to read key reference: state_trait_sava_river: state_trait_sava_river, near line: 1" in file: "" near line: 1
[21:28:28][pdx_persistent_reader.cpp:268]: Error: "Failed to read key reference: state_trait_mediterranean_coast: state_trait_mediterranean_coast, near line: 1" in file: "" near line: 1
[21:28:28][pdx_persistent_reader.cpp:268]: Error: "Failed to read key reference: state_trait_mediterranean_coast: state_trait_mediterranean_coast, near line: 1
Failed to read key reference: state_trait_dinaric_alps: state_trait_dinaric_alps, near line: 1" in file: "" near line: 1
[21:28:28][pdx_persistent_reader.cpp:268]: Error: "Failed to read key reference: state_trait_serbia_coalfield: state_trait_serbia_coalfield, near line: 1" in file: "" near line: 1
[21:28:28][pdx_persistent_reader.cpp:268]: Error: "Failed to read key reference: state_trait_serbia_coalfield: state_trait_serbia_coalfield, near line: 1" in file: "" near line: 1
[21:28:28][pdx_persistent_reader.cpp:268]: Error: "Failed to read key reference: state_trait_serbia_coalfield: state_trait_serbia_coalfield, near line: 1
Failed to read key reference: state_trait_dinaric_alps: state_trait_dinaric_alps, near line: 1
Failed to read key reference: state_trait_prokletije_mountains: state_trait_prokletije_mountains, near line: 1" in file: "" near line: 1
[21:28:28][pdx_persistent_reader.cpp:268]: Error: "Failed to read key reference: state_trait_mediterranean_coast: state_trait_mediterranean_coast, near line: 1" in file: "" near line: 1
[21:28:28][pdx_persistent_reader.cpp:268]: Error: "Failed to read key reference: state_trait_mediterranean_coast: state_trait_mediterranean_coast, near line: 1" in file: "" near line: 1
[21:28:28][pdx_persistent_reader.cpp:268]: Error: "Failed to read key reference: state_trait_mediterranean_coast: state_trait_mediterranean_coast, near line: 1" in file: "" near line: 1
[21:28:28][pdx_persistent_reader.cpp:268]: Error: "Failed to read key reference: state_trait_mediterranean_coast: state_trait_mediterranean_coast, near line: 1" in file: "" near line: 1
[21:28:28][pdx_persistent_reader.cpp:268]: Error: "Failed to read key reference: state_trait_mediterranean_coast: state_trait_mediterranean_coast, near line: 1
Failed to read key reference: state_trait_pindus_mountains: state_trait_pindus_mountains, near line: 1" in file: "" near line: 1
[21:28:28][pdx_persistent_reader.cpp:268]: Error: "Failed to read key reference: state_trait_shar_planina: state_trait_shar_planina, near line: 1" in file: "" near line: 1
[21:28:28][pdx_persistent_reader.cpp:268]: Error: "Failed to read key reference: state_trait_mediterranean_coast: state_trait_mediterranean_coast, near line: 1
Failed to read key reference: state_trait_olympus_mountains: state_trait_olympus_mountains, near line: 1" in file: "" near line: 1
[21:28:28][pdx_persistent_reader.cpp:268]: Error: "Failed to read key reference: state_trait_mediterranean_coast: state_trait_mediterranean_coast, near line: 1" in file: "" near line: 1
[21:28:28][pdx_persistent_reader.cpp:268]: Error: "Failed to read key reference: state_trait_mediterranean_coast: state_trait_mediterranean_coast, near line: 1" in file: "" near line: 1
[21:28:28][pdx_persistent_reader.cpp:268]: Error: "Failed to read key reference: state_trait_mediterranean_coast: state_trait_mediterranean_coast, near line: 1
Failed to read key reference: state_trait_taygetus_mountains: state_trait_taygetus_mountains, near line: 1" in file: "" near line: 1
[21:28:28][pdx_persistent_reader.cpp:268]: Error: "Failed to read key reference: state_trait_mediterranean_coast: state_trait_mediterranean_coast, near line: 1" in file: "" near line: 1
[21:28:28][pdx_persistent_reader.cpp:268]: Error: "Failed to read key reference: state_trait_castilla_canal: state_trait_castilla_canal, near line: 1" in file: "" near line: 1
[21:28:28][pdx_persistent_reader.cpp:268]: Error: "Failed to read key reference: state_trait_vistula_river: state_trait_vistula_river, near line: 1
Failed to read key reference: state_trait_north_german_plains: state_trait_north_german_plains, near line: 1" in file: "" near line: 1
[21:28:28][pdx_persistent_reader.cpp:268]: Error: "Failed to read key reference: state_trait_upper_silesia_ironfield: state_trait_upper_silesia_ironfield, near line: 1
Failed to read key reference: state_trait_vistula_oder_canal: state_trait_vistula_oder_canal, near line: 1
Failed to read key reference: state_trait_north_german_plains: state_trait_north_german_plains, near line: 1" in file: "" near line: 1
[21:28:28][pdx_persistent_reader.cpp:268]: Error: "Failed to read key reference: state_trait_upper_silesia_ironfield: state_trait_upper_silesia_ironfield, near line: 1
Failed to read key reference: state_trait_vistula_oder_canal: state_trait_vistula_oder_canal, near line: 1
Failed to read key reference: state_trait_north_german_plains: state_trait_north_german_plains, near line: 1" in file: "" near line: 1
[21:28:28][pdx_persistent_reader.cpp:268]: Error: "Failed to read key reference: state_trait_vistula_river: state_trait_vistula_river, near line: 1
Failed to read key reference: state_trait_vistula_oder_canal: state_trait_vistula_oder_canal, near line: 1
Failed to read key reference: state_trait_north_german_plains: state_trait_north_german_plains, near line: 1" in file: "" near line: 1
[21:28:28][pdx_persistent_reader.cpp:268]: Error: "Failed to read key reference: state_trait_vistula_river: state_trait_vistula_river, near line: 1
Failed to read key reference: state_trait_north_german_plains: state_trait_north_german_plains, near line: 1" in file: "" near line: 1
[21:28:28][pdx_persistent_reader.cpp:268]: Error: "Failed to read key reference: state_trait_vistula_river: state_trait_vistula_river, near line: 1
Failed to read key reference: state_trait_north_german_plains: state_trait_north_german_plains, near line: 1" in file: "" near line: 1
[21:28:28][pdx_persistent_reader.cpp:268]: Error: "Failed to read key reference: state_trait_north_german_plains: state_trait_north_german_plains, near line: 1" in file: "" near line: 1
[21:28:28][pdx_persistent_reader.cpp:268]: Error: "Failed to read key reference: state_trait_vistula_oder_canal: state_trait_vistula_oder_canal, near line: 1
Failed to read key reference: state_trait_north_german_plains: state_trait_north_german_plains, near line: 1" in file: "" near line: 1
[21:28:28][pdx_persistent_reader.cpp:268]: Error: "Failed to read key reference: state_trait_north_german_plains: state_trait_north_german_plains, near line: 1" in file: "" near line: 1
[21:28:28][pdx_persistent_reader.cpp:268]: Error: "Failed to read key reference: state_trait_moldova_river: state_trait_moldova_river, near line: 1
Failed to read key reference: state_trait_carpathian: state_trait_carpathian, near line: 1
Failed to read key reference: state_trait_east_europe_plains: state_trait_east_europe_plains, near line: 1" in file: "" near line: 1
[21:28:28][pdx_persistent_reader.cpp:268]: Error: "Failed to read key reference: state_trait_karolyi_pecs_canal: state_trait_karolyi_pecs_canal, near line: 1" in file: "" near line: 1
[21:28:28][pdx_persistent_reader.cpp:268]: Error: "Failed to read key reference: state_trait_serbia_coalfield: state_trait_serbia_coalfield, near line: 1" in file: "" near line: 1
[21:28:28][pdx_persistent_reader.cpp:268]: Error: "Failed to read key reference: state_trait_karolyi_pecs_canal: state_trait_karolyi_pecs_canal, near line: 1
Failed to read key reference: state_trait_serbia_coalfield: state_trait_serbia_coalfield, near line: 1" in file: "" near line: 1
[21:28:28][pdx_persistent_reader.cpp:268]: Error: "Failed to read key reference: state_trait_morava_river: state_trait_morava_river, near line: 1
Failed to read key reference: state_trait_ternye_coalfield: state_trait_ternye_coalfield, near line: 1" in file: "" near line: 1
[21:28:28][pdx_persistent_reader.cpp:268]: Error: "Failed to read key reference: state_trait_carpathian: state_trait_carpathian, near line: 1" in file: "" near line: 1
[21:28:28][pdx_persistent_reader.cpp:268]: Error: "Failed to read key reference: state_trait_carpathian: state_trait_carpathian, near line: 1" in file: "" near line: 1
[21:28:28][pdx_persistent_reader.cpp:268]: Error: "Failed to read key reference: state_trait_carpathian: state_trait_carpathian, near line: 1" in file: "" near line: 1
[21:28:28][pdx_persistent_reader.cpp:268]: Error: "Failed to read key reference: state_trait_east_europe_plains: state_trait_east_europe_plains, near line: 1
Failed to read key reference: state_trait_moldova_river: state_trait_moldova_river, near line: 1" in file: "" near line: 1
[21:28:28][pdx_persistent_reader.cpp:268]: Error: "Failed to read key reference: state_trait_carpathian: state_trait_carpathian, near line: 1" in file: "" near line: 1
[21:28:28][pdx_persistent_reader.cpp:268]: Error: "Failed to read key reference: state_trait_carpathian: state_trait_carpathian, near line: 1
Failed to read key reference: state_trait_ploiesti_oilfield: state_trait_ploiesti_oilfield, near line: 1
Failed to read key reference: state_trait_east_europe_plains: state_trait_east_europe_plains, near line: 1" in file: "" near line: 1
[21:28:28][pdx_persistent_reader.cpp:268]: Error: "Failed to read key reference: state_trait_moldova_river: state_trait_moldova_river, near line: 1
Failed to read key reference: state_trait_east_europe_plains: state_trait_east_europe_plains, near line: 1" in file: "" near line: 1
[21:28:28][pdx_persistent_reader.cpp:268]: Error: "Failed to read key reference: state_trait_alexandria_port: state_trait_alexandria_port, near line: 1
Failed to read key reference: state_trait_mediterranean_coast: state_trait_mediterranean_coast, near line: 1" in file: "" near line: 1
[21:28:28][pdx_persistent_reader.cpp:268]: Error: "Failed to read key reference: state_trait_mediterranean_coast: state_trait_mediterranean_coast, near line: 1" in file: "" near line: 1
[21:28:28][pdx_persistent_reader.cpp:268]: Error: "Failed to read key reference: state_trait_mediterranean_coast: state_trait_mediterranean_coast, near line: 1" in file: "" near line: 1
[21:28:28][pdx_persistent_reader.cpp:268]: Error: "Failed to read key reference: state_trait_mediterranean_coast: state_trait_mediterranean_coast, near line: 1" in file: "" near line: 1
[21:28:28][pdx_persistent_reader.cpp:268]: Error: "Failed to read key reference: state_trait_mediterranean_coast: state_trait_mediterranean_coast, near line: 1" in file: "" near line: 1
[21:28:28][pdx_persistent_reader.cpp:268]: Error: "Failed to read key reference: state_trait_mediterranean_coast: state_trait_mediterranean_coast, near line: 1" in file: "" near line: 1
[21:28:28][pdx_persistent_reader.cpp:268]: Error: "Failed to read key reference: state_trait_mediterranean_coast: state_trait_mediterranean_coast, near line: 1" in file: "" near line: 1
[21:28:28][pdx_persistent_reader.cpp:268]: Error: "Failed to read key reference: state_trait_mediterranean_coast: state_trait_mediterranean_coast, near line: 1" in file: "" near line: 1
[21:28:28][pdx_persistent_reader.cpp:268]: Error: "Failed to read key reference: state_trait_mediterranean_coast: state_trait_mediterranean_coast, near line: 1
Failed to read key reference: state_trait_sahara_oilfield: state_trait_sahara_oilfield, near line: 1" in file: "" near line: 1
[21:28:28][pdx_persistent_reader.cpp:268]: Error: "Failed to read key reference: state_trait_mediterranean_coast: state_trait_mediterranean_coast, near line: 1" in file: "" near line: 1
[21:28:28][pdx_persistent_reader.cpp:268]: Error: "Failed to read key reference: state_trait_sahara_oilfield: state_trait_sahara_oilfield, near line: 1" in file: "" near line: 1
[21:28:28][pdx_persistent_reader.cpp:268]: Error: "Failed to read key reference: state_trait_senegal_river: state_trait_senegal_river, near line: 1" in file: "" near line: 1
[21:28:28][pdx_persistent_reader.cpp:268]: Error: "Failed to read key reference: state_trait_senegal_river: state_trait_senegal_river, near line: 1" in file: "" near line: 1
[21:28:28][pdx_persistent_reader.cpp:268]: Error: "Failed to read key reference: state_trait_senegal_river: state_trait_senegal_river, near line: 1" in file: "" near line: 1
[21:28:28][pdx_persistent_reader.cpp:268]: Error: "Failed to read key reference: state_trait_senegal_river: state_trait_senegal_river, near line: 1" in file: "" near line: 1
[21:28:28][pdx_persistent_reader.cpp:268]: Error: "Failed to read key reference: state_trait_ashanti_goldmine: state_trait_ashanti_goldmine, near line: 1" in file: "" near line: 1
[21:28:28][pdx_persistent_reader.cpp:268]: Error: "Failed to read key reference: state_trait_bulyanhulu_goldmine: state_trait_bulyanhulu_goldmine, near line: 1" in file: "" near line: 1
[21:28:28][pdx_persistent_reader.cpp:268]: Error: "Failed to read key reference: state_trait_witwatersrand: state_trait_witwatersrand, near line: 1" in file: "" near line: 1
[21:28:28][pdx_persistent_reader.cpp:268]: Error: "Failed to read key reference: state_trait_witwatersrand: state_trait_witwatersrand, near line: 1" in file: "" near line: 1
[21:28:28][pdx_persistent_reader.cpp:268]: Error: "Failed to read key reference: state_trait_sishen_ironfield: state_trait_sishen_ironfield, near line: 1" in file: "" near line: 1
[21:28:28][pdx_persistent_reader.cpp:268]: Error: "Failed to read key reference: state_trait_gulf_coast_oilfield: state_trait_gulf_coast_oilfield, near line: 1" in file: "" near line: 1
[21:28:28][pdx_persistent_reader.cpp:268]: Error: "Failed to read key reference: state_trait_saint_lawrence_canal: state_trait_saint_lawrence_canal, near line: 1
Failed to read key reference: state_trait_erie_canal: state_trait_erie_canal, near line: 1" in file: "" near line: 1
[21:28:28][pdx_persistent_reader.cpp:268]: Error: "Failed to read key reference: state_trait_ice_free_port: state_trait_ice_free_port, near line: 1
Failed to read key reference: state_trait_alaska_goldmine: state_trait_alaska_goldmine, near line: 1
Failed to read key reference: state_trait_regional_ice: state_trait_regional_ice, near line: 1" in file: "" near line: 1
[21:28:28][pdx_persistent_reader.cpp:268]: Error: "Failed to read key reference: state_trait_portland_port: state_trait_portland_port, near line: 1" in file: "" near line: 1
[21:28:28][pdx_persistent_reader.cpp:268]: Error: "Failed to read key reference: state_trait_powder_river_coalfield: state_trait_powder_river_coalfield, near line: 1
Failed to read key reference: state_trait_powder_river: state_trait_powder_river, near line: 1" in file: "" near line: 1
[21:28:28][pdx_persistent_reader.cpp:268]: Error: "Failed to read key reference: state_trait_missouri_river: state_trait_missouri_river, near line: 1" in file: "" near line: 1
[21:28:28][pdx_persistent_reader.cpp:268]: Error: "Failed to read key reference: state_trait_missouri_river: state_trait_missouri_river, near line: 1" in file: "" near line: 1
[21:28:28][pdx_persistent_reader.cpp:268]: Error: "Failed to read key reference: state_trait_missouri_river: state_trait_missouri_river, near line: 1" in file: "" near line: 1
[21:28:28][pdx_persistent_reader.cpp:268]: Error: "Failed to read key reference: state_trait_missouri_river: state_trait_missouri_river, near line: 1" in file: "" near line: 1
[21:28:28][pdx_persistent_reader.cpp:268]: Error: "Failed to read key reference: state_trait_missouri_river: state_trait_missouri_river, near line: 1" in file: "" near line: 1
[21:28:28][pdx_persistent_reader.cpp:268]: Error: "Failed to read key reference: state_trait_cushing_oilfield: state_trait_cushing_oilfield, near line: 1" in file: "" near line: 1
[21:28:28][pdx_persistent_reader.cpp:268]: Error: "Failed to read key reference: state_trait_missouri_river: state_trait_missouri_river, near line: 1" in file: "" near line: 1
[21:28:28][pdx_persistent_reader.cpp:268]: Error: "Failed to read key reference: state_trait_great_lake_ironfield: state_trait_great_lake_ironfield, near line: 1" in file: "" near line: 1
[21:28:28][pdx_persistent_reader.cpp:268]: Error: "Failed to read key reference: state_trait_great_lake_ironfield: state_trait_great_lake_ironfield, near line: 1" in file: "" near line: 1
[21:28:28][pdx_persistent_reader.cpp:268]: Error: "Failed to read key reference: state_trait_harrisburg_coalfield: state_trait_harrisburg_coalfield, near line: 1" in file: "" near line: 1
[21:28:28][pdx_persistent_reader.cpp:268]: Error: "Failed to read key reference: state_trait_saint_lawrence_canal: state_trait_saint_lawrence_canal, near line: 1
Failed to read key reference: state_trait_great_lake_ironfield: state_trait_great_lake_ironfield, near line: 1" in file: "" near line: 1
[21:28:28][pdx_persistent_reader.cpp:268]: Error: "Failed to read key reference: state_trait_macksburg_oilfield: state_trait_macksburg_oilfield, near line: 1
Failed to read key reference: state_trait_saint_lawrence_canal: state_trait_saint_lawrence_canal, near line: 1" in file: "" near line: 1
[21:28:28][pdx_persistent_reader.cpp:268]: Error: "Failed to read key reference: state_trait_gulf_coast_oilfield: state_trait_gulf_coast_oilfield, near line: 1" in file: "" near line: 1
[21:28:28][pdx_persistent_reader.cpp:268]: Error: "Failed to read key reference: state_trait_alabama_canal: state_trait_alabama_canal, near line: 1" in file: "" near line: 1
[21:28:28][pdx_persistent_reader.cpp:268]: Error: "Failed to read key reference: state_trait_chesapeake_bay: state_trait_chesapeake_bay, near line: 1" in file: "" near line: 1
[21:28:28][pdx_persistent_reader.cpp:268]: Error: "Failed to read key reference: state_trait_saint_lawrence_canal: state_trait_saint_lawrence_canal, near line: 1
Failed to read key reference: state_trait_pittsburgh_ironfield: state_trait_pittsburgh_ironfield, near line: 1" in file: "" near line: 1
[21:28:28][pdx_persistent_reader.cpp:268]: Error: "Failed to read key reference: state_trait_hopewell_canal: state_trait_hopewell_canal, near line: 1" in file: "" near line: 1
[21:28:28][pdx_persistent_reader.cpp:268]: Error: "Failed to read key reference: state_trait_harrisburg_coalfield: state_trait_harrisburg_coalfield, near line: 1" in file: "" near line: 1
[21:28:28][pdx_persistent_reader.cpp:268]: Error: "Failed to read key reference: state_trait_ice_free_port: state_trait_ice_free_port, near line: 1" in file: "" near line: 1
[21:28:28][pdx_persistent_reader.cpp:268]: Error: "Failed to read key reference: state_trait_pacific_port: state_trait_pacific_port, near line: 1" in file: "" near line: 1
[21:28:28][pdx_persistent_reader.cpp:268]: Error: "Failed to read key reference: state_trait_canadian_taiga: state_trait_canadian_taiga, near line: 1
Failed to read key reference: state_trait_saint_lawrence_canal: state_trait_saint_lawrence_canal, near line: 1
Failed to read key reference: state_trait_regional_ice: state_trait_regional_ice, near line: 1" in file: "" near line: 1
[21:28:28][pdx_persistent_reader.cpp:268]: Error: "Failed to read key reference: state_trait_canadian_taiga: state_trait_canadian_taiga, near line: 1
Failed to read key reference: state_trait_saint_lawrence_canal: state_trait_saint_lawrence_canal, near line: 1
Failed to read key reference: state_trait_seasonal_ice: state_trait_seasonal_ice, near line: 1" in file: "" near line: 1
[21:28:28][pdx_persistent_reader.cpp:268]: Error: "Failed to read key reference: state_trait_seasonal_ice: state_trait_seasonal_ice, near line: 1" in file: "" near line: 1
[21:28:28][pdx_persistent_reader.cpp:268]: Error: "Failed to read key reference: state_trait_canada_great_plains_oilfield: state_trait_canada_great_plains_oilfield, near line: 1
Failed to read key reference: state_trait_canadian_taiga: state_trait_canadian_taiga, near line: 1
Failed to read key reference: state_trait_saskatchewan_river: state_trait_saskatchewan_river, near line: 1" in file: "" near line: 1
[21:28:28][pdx_persistent_reader.cpp:268]: Error: "Failed to read key reference: state_trait_canadian_taiga: state_trait_canadian_taiga, near line: 1
Failed to read key reference: state_trait_ice_free_port: state_trait_ice_free_port, near line: 1" in file: "" near line: 1
[21:28:28][pdx_persistent_reader.cpp:268]: Error: "Failed to read key reference: state_trait_canada_great_plains_oilfield: state_trait_canada_great_plains_oilfield, near line: 1
Failed to read key reference: state_trait_canadian_taiga: state_trait_canadian_taiga, near line: 1
Failed to read key reference: state_trait_saskatchewan_river: state_trait_saskatchewan_river, near line: 1" in file: "" near line: 1
[21:28:28][pdx_persistent_reader.cpp:268]: Error: "Failed to read key reference: state_trait_canada_great_plains_oilfield: state_trait_canada_great_plains_oilfield, near line: 1
Failed to read key reference: state_trait_canadian_taiga: state_trait_canadian_taiga, near line: 1
Failed to read key reference: state_trait_saskatchewan_river: state_trait_saskatchewan_river, near line: 1
Failed to read key reference: state_trait_icebound: state_trait_icebound, near line: 1" in file: "" near line: 1
[21:28:28][pdx_persistent_reader.cpp:268]: Error: "Failed to read key reference: state_trait_canadian_taiga: state_trait_canadian_taiga, near line: 1
Failed to read key reference: state_trait_icebound: state_trait_icebound, near line: 1" in file: "" near line: 1
[21:28:28][pdx_persistent_reader.cpp:268]: Error: "Failed to read key reference: state_trait_canadian_taiga: state_trait_canadian_taiga, near line: 1" in file: "" near line: 1
[21:28:28][pdx_persistent_reader.cpp:268]: Error: "Failed to read key reference: state_trait_gulf_coast_oilfield: state_trait_gulf_coast_oilfield, near line: 1" in file: "" near line: 1
[21:28:28][pdx_persistent_reader.cpp:268]: Error: "Failed to read key reference: state_trait_tuscara_volcano_sulfurfield: state_trait_tuscara_volcano_sulfurfield, near line: 1
Failed to read key reference: state_trait_carlin_trend_goldmine: state_trait_carlin_trend_goldmine, near line: 1" in file: "" near line: 1
[21:28:28][pdx_persistent_reader.cpp:268]: Error: "Failed to read key reference: sacramento_river: sacramento_river, near line: 1
Failed to read key reference: state_trait_golden_gate: state_trait_golden_gate, near line: 1
Failed to read key reference: state_trait_california_oilfield: state_trait_california_oilfield, near line: 1" in file: "" near line: 1
[21:28:28][pdx_persistent_reader.cpp:268]: Error: "Failed to read key reference: state_trait_toluca_leadfield: state_trait_toluca_leadfield, near line: 1" in file: "" near line: 1
[21:28:28][pdx_persistent_reader.cpp:268]: Error: "Failed to read key reference: state_trait_usumacinta_river: state_trait_usumacinta_river, near line: 1" in file: "" near line: 1
[21:28:28][pdx_persistent_reader.cpp:268]: Error: "Failed to read key reference: state_trait_usumacinta_river: state_trait_usumacinta_river, near line: 1" in file: "" near line: 1
[21:28:28][pdx_persistent_reader.cpp:268]: Error: "Failed to read key reference: state_trait_usumacinta_river: state_trait_usumacinta_river, near line: 1" in file: "" near line: 1
[21:28:28][pdx_persistent_reader.cpp:268]: Error: "Failed to read key reference: state_trait_orinoco_oilfield: state_trait_orinoco_oilfield, near line: 1" in file: "" near line: 1
[21:28:28][pdx_persistent_reader.cpp:268]: Error: "Failed to read key reference: state_trait_bajo_cauca_goldmine: state_trait_bajo_cauca_goldmine, near line: 1" in file: "" near line: 1
[21:28:28][pdx_persistent_reader.cpp:268]: Error: "Failed to read key reference: state_trait_yanacocha_goldmine: state_trait_yanacocha_goldmine, near line: 1" in file: "" near line: 1
[21:28:28][pdx_persistent_reader.cpp:268]: Error: "Failed to read key reference: state_trait_tigre_canal: state_trait_tigre_canal, near line: 1" in file: "" near line: 1
[21:28:28][pdx_persistent_reader.cpp:268]: Error: "Failed to read key reference: state_trait_itabira_ironfield: state_trait_itabira_ironfield, near line: 1
Failed to read key reference: sao_francisco_river: sao_francisco_river, near line: 1" in file: "" near line: 1
[21:28:28][pdx_persistent_reader.cpp:268]: Error: "Failed to read key reference: sao_francisco_river: sao_francisco_river, near line: 1
Failed to read key reference: state_trait_alta_ironfield: state_trait_alta_ironfield, near line: 1" in file: "" near line: 1
[21:28:28][pdx_persistent_reader.cpp:268]: Error: "Failed to read key reference: sao_francisco_river: sao_francisco_river, near line: 1" in file: "" near line: 1
[21:28:28][pdx_persistent_reader.cpp:268]: Error: "Failed to read key reference: state_trait_desert_oilfield: state_trait_desert_oilfield, near line: 1" in file: "" near line: 1
[21:28:28][pdx_persistent_reader.cpp:268]: Error: "Failed to read key reference: state_trait_persia_port: state_trait_persia_port, near line: 1
Failed to read key reference: state_trait_zukhrat_asahd_oilfield: state_trait_zukhrat_asahd_oilfield, near line: 1" in file: "" near line: 1
[21:28:28][pdx_persistent_reader.cpp:268]: Error: "Failed to read key reference: state_trait_ghawar_oilfield: state_trait_ghawar_oilfield, near line: 1" in file: "" near line: 1
[21:28:28][pdx_persistent_reader.cpp:268]: Error: "Failed to read key reference: state_trait_desert_oilfield: state_trait_desert_oilfield, near line: 1" in file: "" near line: 1
[21:28:28][pdx_persistent_reader.cpp:268]: Error: "Failed to read key reference: state_trait_mediterranean_coast: state_trait_mediterranean_coast, near line: 1" in file: "" near line: 1
[21:28:28][pdx_persistent_reader.cpp:268]: Error: "Failed to read key reference: state_trait_holy_city: state_trait_holy_city, near line: 1
Failed to read key reference: state_trait_mediterranean_coast: state_trait_mediterranean_coast, near line: 1" in file: "" near line: 1
[21:28:28][pdx_persistent_reader.cpp:268]: Error: "Failed to read key reference: state_trait_mediterranean_coast: state_trait_mediterranean_coast, near line: 1" in file: "" near line: 1
[21:28:28][pdx_persistent_reader.cpp:268]: Error: "Failed to read key reference: state_trait_homs_ironfield: state_trait_homs_ironfield, near line: 1" in file: "" near line: 1
[21:28:28][pdx_persistent_reader.cpp:268]: Error: "Failed to read key reference: state_trait_mediterranean_coast: state_trait_mediterranean_coast, near line: 1" in file: "" near line: 1
[21:28:28][pdx_persistent_reader.cpp:268]: Error: "Failed to read key reference: state_trait_rumaila_kirkuk_oilfield: state_trait_rumaila_kirkuk_oilfield, near line: 1" in file: "" near line: 1
[21:28:28][pdx_persistent_reader.cpp:268]: Error: "Failed to read key reference: state_trait_zagros_ftb_oilfield: state_trait_zagros_ftb_oilfield, near line: 1" in file: "" near line: 1
[21:28:28][pdx_persistent_reader.cpp:268]: Error: "Failed to read key reference: state_trait_basrah_port: state_trait_basrah_port, near line: 1
Failed to read key reference: state_trait_burgan_oilfield: state_trait_burgan_oilfield, near line: 1" in file: "" near line: 1
[21:28:28][pdx_persistent_reader.cpp:268]: Error: "Failed to read key reference: state_trait_zagros_ftb_oilfield: state_trait_zagros_ftb_oilfield, near line: 1" in file: "" near line: 1
[21:28:28][pdx_persistent_reader.cpp:268]: Error: "Failed to read key reference: state_trait_persia_port: state_trait_persia_port, near line: 1
Failed to read key reference: state_trait_ahvaz_oilfield: state_trait_ahvaz_oilfield, near line: 1" in file: "" near line: 1
[21:28:28][pdx_persistent_reader.cpp:268]: Error: "Failed to read key reference: state_trait_persia_plateau: state_trait_persia_plateau, near line: 1" in file: "" near line: 1
[21:28:28][pdx_persistent_reader.cpp:268]: Error: "Failed to read key reference: state_trait_balochistan_mountains: state_trait_balochistan_mountains, near line: 1" in file: "" near line: 1
[21:28:28][pdx_persistent_reader.cpp:268]: Error: "Failed to read key reference: state_trait_persia_plateau: state_trait_persia_plateau, near line: 1" in file: "" near line: 1
[21:28:28][pdx_persistent_reader.cpp:268]: Error: "Failed to read key reference: state_trait_persia_port: state_trait_persia_port, near line: 1
Failed to read key reference: state_trait_masjed_soleyman_oilfield: state_trait_masjed_soleyman_oilfield, near line: 1" in file: "" near line: 1
[21:28:28][pdx_persistent_reader.cpp:268]: Error: "Failed to read key reference: state_trait_persia_plateau: state_trait_persia_plateau, near line: 1" in file: "" near line: 1
[21:28:28][pdx_persistent_reader.cpp:268]: Error: "Failed to read key reference: state_trait_persia_plateau: state_trait_persia_plateau, near line: 1" in file: "" near line: 1
[21:28:28][pdx_persistent_reader.cpp:268]: Error: "Failed to read key reference: state_trait_persia_plateau: state_trait_persia_plateau, near line: 1" in file: "" near line: 1
[21:28:28][pdx_persistent_reader.cpp:268]: Error: "Failed to read key reference: state_trait_persia_plateau: state_trait_persia_plateau, near line: 1" in file: "" near line: 1
[21:28:28][pdx_persistent_reader.cpp:268]: Error: "Failed to read key reference: state_trait_zagros_ftb_oilfield: state_trait_zagros_ftb_oilfield, near line: 1" in file: "" near line: 1
[21:28:28][pdx_persistent_reader.cpp:268]: Error: "Failed to read key reference: state_trait_zagros_ftb_oilfield: state_trait_zagros_ftb_oilfield, near line: 1" in file: "" near line: 1
[21:28:28][pdx_persistent_reader.cpp:268]: Error: "Failed to read key reference: state_trait_zonguldak_ironfield: state_trait_zonguldak_ironfield, near line: 1
Failed to read key reference: state_trait_bosphorus_srait: state_trait_bosphorus_srait, near line: 1
Failed to read key reference: state_trait_mediterranean_coast: state_trait_mediterranean_coast, near line: 1" in file: "" near line: 1
[21:28:28][pdx_persistent_reader.cpp:268]: Error: "Failed to read key reference: state_trait_mediterranean_coast: state_trait_mediterranean_coast, near line: 1" in file: "" near line: 1
[21:28:28][pdx_persistent_reader.cpp:268]: Error: "Failed to read key reference: state_trait_anatolia_plateau: state_trait_anatolia_plateau, near line: 1
Failed to read key reference: state_trait_mediterranean_coast: state_trait_mediterranean_coast, near line: 1" in file: "" near line: 1
[21:28:28][pdx_persistent_reader.cpp:268]: Error: "Failed to read key reference: state_trait_mediterranean_coast: state_trait_mediterranean_coast, near line: 1" in file: "" near line: 1
[21:28:28][pdx_persistent_reader.cpp:268]: Error: "Failed to read key reference: state_trait_anatolia_plateau: state_trait_anatolia_plateau, near line: 1" in file: "" near line: 1
[21:28:28][pdx_persistent_reader.cpp:268]: Error: "Failed to read key reference: state_trait_caucasus_mine: state_trait_caucasus_mine, near line: 1" in file: "" near line: 1
[21:28:28][pdx_persistent_reader.cpp:268]: Error: "Failed to read key reference: state_trait_east_europe_plains: state_trait_east_europe_plains, near line: 1" in file: "" near line: 1
[21:28:28][pdx_persistent_reader.cpp:268]: Error: "Failed to read key reference: state_trait_caucasus_mine: state_trait_caucasus_mine, near line: 1" in file: "" near line: 1
[21:28:28][pdx_persistent_reader.cpp:268]: Error: "Failed to read key reference: state_trait_baku_oilfield: state_trait_baku_oilfield, near line: 1
Failed to read key reference: state_trait_caucasus_mine: state_trait_caucasus_mine, near line: 1" in file: "" near line: 1
[21:28:28][pdx_persistent_reader.cpp:268]: Error: "Failed to read key reference: state_trait_caucasus_mine: state_trait_caucasus_mine, near line: 1" in file: "" near line: 1
[21:28:28][pdx_persistent_reader.cpp:268]: Error: "Failed to read key reference: state_trait_volga_oilfield: state_trait_volga_oilfield, near line: 1" in file: "" near line: 1
[21:28:28][pdx_persistent_reader.cpp:268]: Error: "Failed to read key reference: state_trait_east_europe_plains: state_trait_east_europe_plains, near line: 1
Failed to read key reference: state_trait_volga_oilfield: state_trait_volga_oilfield, near line: 1" in file: "" near line: 1
[21:28:28][pdx_persistent_reader.cpp:268]: Error: "Failed to read key reference: state_trait_east_europe_plains: state_trait_east_europe_plains, near line: 1
Failed to read key reference: state_trait_volga_oilfield: state_trait_volga_oilfield, near line: 1" in file: "" near line: 1
[21:28:28][pdx_persistent_reader.cpp:268]: Error: "Failed to read key reference: state_trait_pamir_plateau: state_trait_pamir_plateau, near line: 1" in file: "" near line: 1
[21:28:28][pdx_persistent_reader.cpp:268]: Error: "Failed to read key reference: state_trait_hindu_kush_mountains: state_trait_hindu_kush_mountains, near line: 1" in file: "" near line: 1
[21:28:28][pdx_persistent_reader.cpp:268]: Error: "Failed to read key reference: state_trait_balkh_plateau: state_trait_balkh_plateau, near line: 1" in file: "" near line: 1
[21:28:28][pdx_persistent_reader.cpp:268]: Error: "Failed to read key reference: state_trait_balochistan_mountains: state_trait_balochistan_mountains, near line: 1" in file: "" near line: 1
[21:28:28][pdx_persistent_reader.cpp:268]: Error: "Failed to read key reference: state_trait_balkh_plateau: state_trait_balkh_plateau, near line: 1" in file: "" near line: 1
[21:28:28][pdx_persistent_reader.cpp:268]: Error: "Failed to read key reference: state_trait_pamir_plateau: state_trait_pamir_plateau, near line: 1" in file: "" near line: 1
[21:28:28][pdx_persistent_reader.cpp:268]: Error: "Failed to read key reference: state_trait_balochistan_mountains: state_trait_balochistan_mountains, near line: 1" in file: "" near line: 1
[21:28:28][pdx_persistent_reader.cpp:268]: Error: "Failed to read key reference: state_trait_balkh_plateau: state_trait_balkh_plateau, near line: 1" in file: "" near line: 1
[21:28:28][pdx_persistent_reader.cpp:268]: Error: "Failed to read key reference: state_trait_hindu_kush_mountains: state_trait_hindu_kush_mountains, near line: 1" in file: "" near line: 1
[21:28:28][pdx_persistent_reader.cpp:268]: Error: "Failed to read key reference: state_trait_balochistan_mountains: state_trait_balochistan_mountains, near line: 1" in file: "" near line: 1
[21:28:28][pdx_persistent_reader.cpp:268]: Error: "Failed to read key reference: state_trait_hooghly_canal: state_trait_hooghly_canal, near line: 1" in file: "" near line: 1
[21:28:28][pdx_persistent_reader.cpp:268]: Error: "Failed to read key reference: state_trait_hooghly_canal: state_trait_hooghly_canal, near line: 1" in file: "" near line: 1
[21:28:28][pdx_persistent_reader.cpp:268]: Error: "Failed to read key reference: state_trait_singhbhum_ironfield: state_trait_singhbhum_ironfield, near line: 1" in file: "" near line: 1
[21:28:28][pdx_persistent_reader.cpp:268]: Error: "Failed to read key reference: state_trait_keonjhar_ironfield: state_trait_keonjhar_ironfield, near line: 1" in file: "" near line: 1
[21:28:28][pdx_persistent_reader.cpp:268]: Error: "Failed to read key reference: state_trait_godavari_river: state_trait_godavari_river, near line: 1
Failed to read key reference: state_trait_deccan_plateau: state_trait_deccan_plateau, near line: 1" in file: "" near line: 1
[21:28:28][pdx_persistent_reader.cpp:268]: Error: "Failed to read key reference: state_trait_kaveri_river: state_trait_kaveri_river, near line: 1" in file: "" near line: 1
[21:28:28][pdx_persistent_reader.cpp:268]: Error: "Failed to read key reference: state_trait_kaveri_river: state_trait_kaveri_river, near line: 1
Failed to read key reference: state_trait_raja_goldmine: state_trait_raja_goldmine, near line: 1" in file: "" near line: 1
[21:28:28][pdx_persistent_reader.cpp:268]: Error: "Failed to read key reference: state_trait_deccan_plateau: state_trait_deccan_plateau, near line: 1" in file: "" near line: 1
[21:28:28][pdx_persistent_reader.cpp:268]: Error: "Failed to read key reference: state_trait_godavari_river: state_trait_godavari_river, near line: 1
Failed to read key reference: state_trait_deccan_plateau: state_trait_deccan_plateau, near line: 1" in file: "" near line: 1
[21:28:28][pdx_persistent_reader.cpp:268]: Error: "Failed to read key reference: state_trait_godavari_river: state_trait_godavari_river, near line: 1
Failed to read key reference: state_trait_deccan_plateau: state_trait_deccan_plateau, near line: 1" in file: "" near line: 1
[21:28:28][pdx_persistent_reader.cpp:268]: Error: "Failed to read key reference: state_trait_ili_river: state_trait_ili_river, near line: 1
Failed to read key reference: state_trait_ili_river_delta: state_trait_ili_river_delta, near line: 1" in file: "" near line: 1
[21:28:28][pdx_persistent_reader.cpp:268]: Error: "Failed to read key reference: state_trait_hengduan_mountains: state_trait_hengduan_mountains, near line: 1" in file: "" near line: 1
[21:28:28][pdx_persistent_reader.cpp:268]: Error: "Failed to read key reference: state_trait_yunnan_guizhou_plateau: state_trait_yunnan_guizhou_plateau, near line: 1
Failed to read key reference: state_trait_red_river: state_trait_red_river, near line: 1
Failed to read key reference: state_trait_tengchon_sulfurfield: state_trait_tengchon_sulfurfield, near line: 1" in file: "" near line: 1
[21:28:28][pdx_persistent_reader.cpp:268]: Error: "Failed to read key reference: state_trait_yunnan_guizhou_plateau: state_trait_yunnan_guizhou_plateau, near line: 1" in file: "" near line: 1
[21:28:28][pdx_persistent_reader.cpp:268]: Error: "Failed to read key reference: state_trait_pearl_port: state_trait_pearl_port, near line: 1
Failed to read key reference: state_trait_pearl_river_delta: state_trait_pearl_river_delta, near line: 1" in file: "" near line: 1
[21:28:28][pdx_persistent_reader.cpp:268]: Error: "Failed to read key reference: state_trait_grand_canal_of_china: state_trait_grand_canal_of_china, near line: 1
Failed to read key reference: state_trait_north_china_plains: state_trait_north_china_plains, near line: 1" in file: "" near line: 1
[21:28:28][pdx_persistent_reader.cpp:268]: Error: "Failed to read key reference: state_trait_liao_river: state_trait_liao_river, near line: 1
Failed to read key reference: state_trait_anshan_ironfield: state_trait_anshan_ironfield, near line: 1
Failed to read key reference: state_trait_fushun_coalfield: state_trait_fushun_coalfield, near line: 1" in file: "" near line: 1
[21:28:28][pdx_persistent_reader.cpp:268]: Error: "Failed to read key reference: state_trait_amur_river: state_trait_amur_river, near line: 1
Failed to read key reference: state_trait_seasonal_ice: state_trait_seasonal_ice, near line: 1" in file: "" near line: 1
[21:28:28][pdx_persistent_reader.cpp:268]: Error: "Failed to read key reference: state_trait_songhua_river: state_trait_songhua_river, near line: 1
Failed to read key reference: state_trait_paektu_mountain: state_trait_paektu_mountain, near line: 1" in file: "" near line: 1
[21:28:28][pdx_persistent_reader.cpp:268]: Error: "Failed to read key reference: state_trait_daqing_oilfield: state_trait_daqing_oilfield, near line: 1
Failed to read key reference: state_trait_amur_river: state_trait_amur_river, near line: 1" in file: "" near line: 1
[21:28:28][pdx_persistent_reader.cpp:268]: Error: "Failed to read key reference: state_trait_jingzhon_coalfield: state_trait_jingzhon_coalfield, near line: 1
Failed to read key reference: state_trait_taihang_mountains: state_trait_taihang_mountains, near line: 1" in file: "" near line: 1
[21:28:28][pdx_persistent_reader.cpp:268]: Error: "Failed to read key reference: state_trait_qinling_mountains: state_trait_qinling_mountains, near line: 1
Failed to read key reference: state_trait_guanzhon_plains: state_trait_guanzhon_plains, near line: 1" in file: "" near line: 1
[21:28:28][pdx_persistent_reader.cpp:268]: Error: "Failed to read key reference: state_trait_wushan_mountains: state_trait_wushan_mountains, near line: 1" in file: "" near line: 1
[21:28:28][pdx_persistent_reader.cpp:268]: Error: "Failed to read key reference: state_trait_pearl_river_delta: state_trait_pearl_river_delta, near line: 1" in file: "" near line: 1
[21:28:28][pdx_persistent_reader.cpp:268]: Error: "Failed to read key reference: state_trait_wuyi_mountains: state_trait_wuyi_mountains, near line: 1" in file: "" near line: 1
[21:28:28][pdx_persistent_reader.cpp:268]: Error: "Failed to read key reference: state_trait_grand_canal_of_china: state_trait_grand_canal_of_china, near line: 1
Failed to read key reference: state_trait_yangtze_river_delta: state_trait_yangtze_river_delta, near line: 1" in file: "" near line: 1
[21:28:28][pdx_persistent_reader.cpp:268]: Error: "Failed to read key reference: state_trait_huai_river: state_trait_huai_river, near line: 1
Failed to read key reference: state_trait_grand_canal_of_china: state_trait_grand_canal_of_china, near line: 1
Failed to read key reference: state_trait_yangtze_river_delta: state_trait_yangtze_river_delta, near line: 1
Failed to read key reference: state_trait_north_china_plains: state_trait_north_china_plains, near line: 1" in file: "" near line: 1
[21:28:28][pdx_persistent_reader.cpp:268]: Error: "Failed to read key reference: state_trait_grand_canal_of_china: state_trait_grand_canal_of_china, near line: 1
Failed to read key reference: state_trait_yangtze_river_delta: state_trait_yangtze_river_delta, near line: 1" in file: "" near line: 1
[21:28:28][pdx_persistent_reader.cpp:268]: Error: "Failed to read key reference: state_trait_huai_river: state_trait_huai_river, near line: 1
Failed to read key reference: state_trait_north_china_plains: state_trait_north_china_plains, near line: 1" in file: "" near line: 1
[21:28:28][pdx_persistent_reader.cpp:268]: Error: "Failed to read key reference: state_trait_grand_canal_of_china: state_trait_grand_canal_of_china, near line: 1
Failed to read key reference: state_trait_kailuan_coalfield: state_trait_kailuan_coalfield, near line: 1
Failed to read key reference: state_trait_north_china_plains: state_trait_north_china_plains, near line: 1" in file: "" near line: 1
[21:28:28][pdx_persistent_reader.cpp:268]: Error: "Failed to read key reference: state_trait_pingxiang_coalfield: state_trait_pingxiang_coalfield, near line: 1" in file: "" near line: 1
[21:28:28][pdx_persistent_reader.cpp:268]: Error: "Failed to read key reference: state_trait_maanshan_ironfield: state_trait_maanshan_ironfield, near line: 1" in file: "" near line: 1
[21:28:28][pdx_persistent_reader.cpp:268]: Error: "Failed to read key reference: state_trait_huai_river: state_trait_huai_river, near line: 1
Failed to read key reference: state_trait_north_china_plains: state_trait_north_china_plains, near line: 1" in file: "" near line: 1
[21:28:28][pdx_persistent_reader.cpp:268]: Error: "Failed to read key reference: state_trait_jianghan_plains: state_trait_jianghan_plains, near line: 1" in file: "" near line: 1
[21:28:28][pdx_persistent_reader.cpp:268]: Error: "Failed to read key reference: state_trait_daye_ironfield: state_trait_daye_ironfield, near line: 1
Failed to read key reference: state_trait_jianghan_plains: state_trait_jianghan_plains, near line: 1" in file: "" near line: 1
[21:28:28][pdx_persistent_reader.cpp:268]: Error: "Failed to read key reference: state_trait_grand_canal_of_china: state_trait_grand_canal_of_china, near line: 1
Failed to read key reference: state_trait_zhaoyuan_goldmine: state_trait_zhaoyuan_goldmine, near line: 1
Failed to read key reference: state_trait_north_china_plains: state_trait_north_china_plains, near line: 1" in file: "" near line: 1
[21:28:28][pdx_persistent_reader.cpp:268]: Error: "Failed to read key reference: state_trait_grand_canal_of_china: state_trait_grand_canal_of_china, near line: 1
Failed to read key reference: state_trait_yangtze_river_delta: state_trait_yangtze_river_delta, near line: 1
Failed to read key reference: state_trait_shanghai_port: state_trait_shanghai_port, near line: 1" in file: "" near line: 1
[21:28:28][pdx_persistent_reader.cpp:268]: Error: "Failed to read key reference: state_trait_bangkok_canal: state_trait_bangkok_canal, near line: 1" in file: "" near line: 1
[21:28:28][pdx_persistent_reader.cpp:268]: Error: "Failed to read key reference: state_trait_red_river_canal: state_trait_red_river_canal, near line: 1
Failed to read key reference: state_trait_red_river_delta: state_trait_red_river_delta, near line: 1
Failed to read key reference: state_trait_red_river: state_trait_red_river, near line: 1
Failed to read key reference: state_trait_quangninh_coalfield: state_trait_quangninh_coalfield, near line: 1" in file: "" near line: 1
[21:28:28][pdx_persistent_reader.cpp:268]: Error: "Failed to read key reference: state_trait_icebound: state_trait_icebound, near line: 1" in file: "" near line: 1
[21:28:28][pdx_persistent_reader.cpp:268]: Error: "Failed to read key reference: state_trait_seasonal_ice: state_trait_seasonal_ice, near line: 1" in file: "" near line: 1
[21:28:28][pdx_persistent_reader.cpp:268]: Error: "Failed to read key reference: state_trait_yodo_river: state_trait_yodo_river, near line: 1
Failed to read key reference: state_trait_seasonal_ice: state_trait_seasonal_ice, near line: 1" in file: "" near line: 1
[21:28:28][pdx_persistent_reader.cpp:268]: Error: "Failed to read key reference: state_trait_tone_river: state_trait_tone_river, near line: 1
Failed to read key reference: state_trait_tokyo_canal: state_trait_tokyo_canal, near line: 1" in file: "" near line: 1
[21:28:28][pdx_persistent_reader.cpp:268]: Error: "Failed to read key reference: state_trait_osaka_canal: state_trait_osaka_canal, near line: 1" in file: "" near line: 1
[21:28:28][pdx_persistent_reader.cpp:268]: Error: "Failed to read key reference: state_trait_kyoto_canal: state_trait_kyoto_canal, near line: 1" in file: "" near line: 1
[21:28:28][pdx_persistent_reader.cpp:268]: Error: "Failed to read key reference: state_trait_nagasaki_canal: state_trait_nagasaki_canal, near line: 1
Failed to read key reference: state_trait_beppu_sulfurfield: state_trait_beppu_sulfurfield, near line: 1" in file: "" near line: 1
[21:28:28][pdx_persistent_reader.cpp:268]: Error: "Failed to read key reference: state_trait_han_river: state_trait_han_river, near line: 1
Failed to read key reference: state_trait_han_river_plain: state_trait_han_river_plain, near line: 1" in file: "" near line: 1
[21:28:28][pdx_persistent_reader.cpp:268]: Error: "Failed to read key reference: state_trait_nakdong_river: state_trait_nakdong_river, near line: 1" in file: "" near line: 1
[21:28:28][pdx_persistent_reader.cpp:268]: Error: "Failed to read key reference: state_trait_paektu_mountain: state_trait_paektu_mountain, near line: 1
Failed to read key reference: state_trait_yalu_river: state_trait_yalu_river, near line: 1
Failed to read key reference: state_trait_seasonal_ice: state_trait_seasonal_ice, near line: 1" in file: "" near line: 1
[21:28:28][pdx_persistent_reader.cpp:268]: Error: "Failed to read key reference: state_trait_paektu_mountain: state_trait_paektu_mountain, near line: 1
Failed to read key reference: state_trait_yalu_river: state_trait_yalu_river, near line: 1
Failed to read key reference: state_trait_taedong_river: state_trait_taedong_river, near line: 1" in file: "" near line: 1
[21:28:28][pdx_persistent_reader.cpp:268]: Error: "Failed to read key reference: state_trait_singapore_port: state_trait_singapore_port, near line: 1
Failed to read key reference: state_trait_east_indies_coast: state_trait_east_indies_coast, near line: 1" in file: "" near line: 1
[21:28:28][pdx_persistent_reader.cpp:268]: Error: "Failed to read key reference: state_trait_east_indies_coast: state_trait_east_indies_coast, near line: 1" in file: "" near line: 1
[21:28:28][pdx_persistent_reader.cpp:268]: Error: "Failed to read key reference: state_trait_east_indies_coast: state_trait_east_indies_coast, near line: 1" in file: "" near line: 1
[21:28:28][pdx_persistent_reader.cpp:268]: Error: "Failed to read key reference: state_trait_east_indies_coast: state_trait_east_indies_coast, near line: 1" in file: "" near line: 1
[21:28:28][pdx_persistent_reader.cpp:268]: Error: "Failed to read key reference: state_trait_ciliwung_canal: state_trait_ciliwung_canal, near line: 1
Failed to read key reference: state_trait_east_indies_coast: state_trait_east_indies_coast, near line: 1" in file: "" near line: 1
[21:28:28][pdx_persistent_reader.cpp:268]: Error: "Failed to read key reference: state_trait_east_indies_coast: state_trait_east_indies_coast, near line: 1" in file: "" near line: 1
[21:28:28][pdx_persistent_reader.cpp:268]: Error: "Failed to read key reference: state_trait_east_indies_coast: state_trait_east_indies_coast, near line: 1" in file: "" near line: 1
[21:28:28][pdx_persistent_reader.cpp:268]: Error: "Failed to read key reference: state_trait_sumatra_oilfield: state_trait_sumatra_oilfield, near line: 1
Failed to read key reference: state_trait_east_indies_coast: state_trait_east_indies_coast, near line: 1" in file: "" near line: 1
[21:28:28][pdx_persistent_reader.cpp:268]: Error: "Failed to read key reference: state_trait_musi_river: state_trait_musi_river, near line: 1
Failed to read key reference: state_trait_bangka_strait_canal: state_trait_bangka_strait_canal, near line: 1
Failed to read key reference: state_trait_sumatra_oilfield: state_trait_sumatra_oilfield, near line: 1
Failed to read key reference: state_trait_east_indies_coast: state_trait_east_indies_coast, near line: 1" in file: "" near line: 1
[21:28:28][pdx_persistent_reader.cpp:268]: Error: "Failed to read key reference: state_trait_sumatra_oilfield: state_trait_sumatra_oilfield, near line: 1
Failed to read key reference: state_trait_east_indies_coast: state_trait_east_indies_coast, near line: 1" in file: "" near line: 1
[21:28:28][pdx_persistent_reader.cpp:268]: Error: "Failed to read key reference: state_trait_east_indies_coast: state_trait_east_indies_coast, near line: 1" in file: "" near line: 1
[21:28:28][pdx_persistent_reader.cpp:268]: Error: "Failed to read key reference: state_trait_east_indies_coast: state_trait_east_indies_coast, near line: 1
Failed to read key reference: state_trait_spice_islands: state_trait_spice_islands, near line: 1" in file: "" near line: 1
[21:28:28][pdx_persistent_reader.cpp:268]: Error: "Failed to read key reference: state_trait_east_indies_coast: state_trait_east_indies_coast, near line: 1" in file: "" near line: 1
[21:28:28][pdx_persistent_reader.cpp:268]: Error: "Failed to read key reference: state_trait_east_indies_coast: state_trait_east_indies_coast, near line: 1" in file: "" near line: 1
[21:28:28][pdx_persistent_reader.cpp:268]: Error: "Failed to read key reference: state_trait_east_indies_coast: state_trait_east_indies_coast, near line: 1" in file: "" near line: 1
[21:28:28][pdx_persistent_reader.cpp:268]: Error: "Failed to read key reference: state_trait_east_indies_coast: state_trait_east_indies_coast, near line: 1" in file: "" near line: 1
[21:28:28][pdx_persistent_reader.cpp:268]: Error: "Failed to read key reference: state_trait_east_indies_coast: state_trait_east_indies_coast, near line: 1" in file: "" near line: 1
[21:28:28][pdx_persistent_reader.cpp:268]: Error: "Failed to read key reference: state_trait_newcastle_leadfield: state_trait_newcastle_leadfield, near line: 1
Failed to read key reference: state_trait_murrary_river: state_trait_murrary_river, near line: 1
Failed to read key reference: state_trait_sydney_port: state_trait_sydney_port, near line: 1
Failed to read key reference: state_trait_au_red_soil: state_trait_au_red_soil, near line: 1" in file: "" near line: 1
[21:28:28][pdx_persistent_reader.cpp:268]: Error: "Failed to read key reference: state_trait_darling_river: state_trait_darling_river, near line: 1
Failed to read key reference: state_trait_au_red_soil: state_trait_au_red_soil, near line: 1" in file: "" near line: 1
[21:28:28][pdx_persistent_reader.cpp:268]: Error: "Failed to read key reference: state_trait_murrary_river: state_trait_murrary_river, near line: 1
Failed to read key reference: state_trait_au_red_soil: state_trait_au_red_soil, near line: 1" in file: "" near line: 1
[21:28:28][pdx_persistent_reader.cpp:268]: Error: "Failed to read key reference: state_trait_pilbara_ironfield: state_trait_pilbara_ironfield, near line: 1
Failed to read key reference: state_trait_au_red_soil: state_trait_au_red_soil, near line: 1
Failed to read key reference: state_trait_kalgoorlie_goldmine: state_trait_kalgoorlie_goldmine, near line: 1" in file: "" near line: 1
[21:28:28][pdx_persistent_reader.cpp:268]: Error: "Failed to read key reference: state_trait_ural_mine: state_trait_ural_mine, near line: 1
Failed to read key reference: state_trait_ural_mountains: state_trait_ural_mountains, near line: 1
Failed to read key reference: state_trait_west_siberian_oilfield: state_trait_west_siberian_oilfield, near line: 1" in file: "" near line: 1
[21:28:28][pdx_persistent_reader.cpp:268]: Error: "Failed to read key reference: state_trait_krasnoyarsk_leadfield: state_trait_krasnoyarsk_leadfield, near line: 1
Failed to read key reference: state_trait_west_siberian_oilfield: state_trait_west_siberian_oilfield, near line: 1" in file: "" near line: 1
[21:28:28][pdx_persistent_reader.cpp:268]: Error: "Failed to read key reference: state_trait_krasnoyarsk_leadfield: state_trait_krasnoyarsk_leadfield, near line: 1
Failed to read key reference: state_trait_west_siberian_oilfield: state_trait_west_siberian_oilfield, near line: 1" in file: "" near line: 1
[21:28:28][pdx_persistent_reader.cpp:268]: Error: "Failed to read key reference: state_trait_krasnoyarsk_leadfield: state_trait_krasnoyarsk_leadfield, near line: 1
Failed to read key reference: state_trait_west_siberian_oilfield: state_trait_west_siberian_oilfield, near line: 1" in file: "" near line: 1
[21:28:28][pdx_persistent_reader.cpp:268]: Error: "Failed to read key reference: state_trait_icebound: state_trait_icebound, near line: 1" in file: "" near line: 1
[21:28:28][pdx_persistent_reader.cpp:268]: Error: "Failed to read key reference: state_trait_icebound: state_trait_icebound, near line: 1" in file: "" near line: 1
[21:28:28][pdx_persistent_reader.cpp:268]: Error: "Failed to read key reference: state_trait_icebound: state_trait_icebound, near line: 1" in file: "" near line: 1
[21:28:28][pdx_persistent_reader.cpp:268]: Error: "Failed to read key reference: state_trait_yakutia_goldmine: state_trait_yakutia_goldmine, near line: 1" in file: "" near line: 1
[21:28:28][pdx_persistent_reader.cpp:268]: Error: "Failed to read key reference: state_trait_east_europe_plains: state_trait_east_europe_plains, near line: 1
Failed to read key reference: state_trait_seasonal_ice: state_trait_seasonal_ice, near line: 1" in file: "" near line: 1
[21:28:28][pdx_persistent_reader.cpp:268]: Error: "Failed to read key reference: state_trait_east_europe_plains: state_trait_east_europe_plains, near line: 1
Failed to read key reference: state_trait_seasonal_ice: state_trait_seasonal_ice, near line: 1" in file: "" near line: 1
[21:28:28][pdx_persistent_reader.cpp:268]: Error: "Failed to read key reference: state_trait_east_europe_plains: state_trait_east_europe_plains, near line: 1
Failed to read key reference: state_trait_seasonal_ice: state_trait_seasonal_ice, near line: 1" in file: "" near line: 1
[21:28:28][pdx_persistent_reader.cpp:268]: Error: "Failed to read key reference: state_trait_east_europe_plains: state_trait_east_europe_plains, near line: 1
Failed to read key reference: state_trait_seasonal_ice: state_trait_seasonal_ice, near line: 1" in file: "" near line: 1
[21:28:28][pdx_persistent_reader.cpp:268]: Error: "Failed to read key reference: state_trait_east_europe_plains: state_trait_east_europe_plains, near line: 1" in file: "" near line: 1
[21:28:28][pdx_persistent_reader.cpp:268]: Error: "Failed to read key reference: state_trait_east_europe_plains: state_trait_east_europe_plains, near line: 1" in file: "" near line: 1
[21:28:28][pdx_persistent_reader.cpp:268]: Error: "Failed to read key reference: state_trait_brahestad_canal: state_trait_brahestad_canal, near line: 1
Failed to read key reference: state_trait_seasonal_ice: state_trait_seasonal_ice, near line: 1" in file: "" near line: 1
[21:28:28][pdx_persistent_reader.cpp:268]: Error: "Failed to read key reference: state_trait_ice_prone: state_trait_ice_prone, near line: 1" in file: "" near line: 1
[21:28:28][pdx_persistent_reader.cpp:268]: Error: "Failed to read key reference: state_trait_seasonal_ice: state_trait_seasonal_ice, near line: 1" in file: "" near line: 1
[21:28:28][pdx_persistent_reader.cpp:268]: Error: "Failed to read key reference: state_trait_ice_prone: state_trait_ice_prone, near line: 1" in file: "" near line: 1
[21:28:28][pdx_persistent_reader.cpp:268]: Error: "Failed to read key reference: state_trait_ice_prone: state_trait_ice_prone, near line: 1" in file: "" near line: 1
[21:28:28][pdx_persistent_reader.cpp:268]: Error: "Failed to read key reference: state_trait_ice_prone: state_trait_ice_prone, near line: 1" in file: "" near line: 1
[21:28:28][pdx_persistent_reader.cpp:268]: Error: "Failed to read key reference: state_trait_ice_free_port: state_trait_ice_free_port, near line: 1" in file: "" near line: 1
[21:28:28][pdx_persistent_reader.cpp:268]: Error: "Failed to read key reference: state_trait_peter_the_great_canal: state_trait_peter_the_great_canal, near line: 1
Failed to read key reference: state_trait_east_europe_plains: state_trait_east_europe_plains, near line: 1
Failed to read key reference: state_trait_seasonal_ice: state_trait_seasonal_ice, near line: 1" in file: "" near line: 1
[21:28:28][pdx_persistent_reader.cpp:268]: Error: "Failed to read key reference: state_trait_moscow_canal: state_trait_moscow_canal, near line: 1
Failed to read key reference: state_trait_east_europe_plains: state_trait_east_europe_plains, near line: 1" in file: "" near line: 1
[21:28:28][pdx_persistent_reader.cpp:268]: Error: "Failed to read key reference: state_trait_east_europe_plains: state_trait_east_europe_plains, near line: 1" in file: "" near line: 1
[21:28:28][pdx_persistent_reader.cpp:268]: Error: "Failed to read key reference: state_trait_east_europe_plains: state_trait_east_europe_plains, near line: 1" in file: "" near line: 1
[21:28:28][pdx_persistent_reader.cpp:268]: Error: "Failed to read key reference: state_trait_east_europe_plains: state_trait_east_europe_plains, near line: 1" in file: "" near line: 1
[21:28:28][pdx_persistent_reader.cpp:268]: Error: "Failed to read key reference: state_trait_east_europe_plains: state_trait_east_europe_plains, near line: 1" in file: "" near line: 1
[21:28:28][pdx_persistent_reader.cpp:268]: Error: "Failed to read key reference: state_trait_east_europe_plains: state_trait_east_europe_plains, near line: 1" in file: "" near line: 1
[21:28:28][pdx_persistent_reader.cpp:268]: Error: "Failed to read key reference: state_trait_east_europe_plains: state_trait_east_europe_plains, near line: 1" in file: "" near line: 1
[21:28:28][pdx_persistent_reader.cpp:268]: Error: "Failed to read key reference: state_trait_icebound: state_trait_icebound, near line: 1" in file: "" near line: 1
[21:28:28][pdx_persistent_reader.cpp:268]: Error: "Failed to read key reference: state_trait_east_europe_plains: state_trait_east_europe_plains, near line: 1" in file: "" near line: 1
[21:28:28][pdx_persistent_reader.cpp:268]: Error: "Failed to read key reference: state_trait_east_europe_plains: state_trait_east_europe_plains, near line: 1" in file: "" near line: 1
[21:28:28][pdx_persistent_reader.cpp:268]: Error: "Failed to read key reference: state_trait_donbas_coalfield: state_trait_donbas_coalfield, near line: 1
Failed to read key reference: state_trait_kursk_ironfield: state_trait_kursk_ironfield, near line: 1
Failed to read key reference: state_trait_kherson_kursk_canal: state_trait_kherson_kursk_canal, near line: 1
Failed to read key reference: state_trait_east_europe_plains: state_trait_east_europe_plains, near line: 1" in file: "" near line: 1
[21:28:28][pdx_persistent_reader.cpp:268]: Error: "Failed to read key reference: state_trait_kursk_ironfield: state_trait_kursk_ironfield, near line: 1
Failed to read key reference: state_trait_kherson_kursk_canal: state_trait_kherson_kursk_canal, near line: 1
Failed to read key reference: state_trait_east_europe_plains: state_trait_east_europe_plains, near line: 1" in file: "" near line: 1
[21:28:28][pdx_persistent_reader.cpp:268]: Error: "Failed to read key reference: state_trait_east_europe_plains: state_trait_east_europe_plains, near line: 1" in file: "" near line: 1
[21:28:28][pdx_persistent_reader.cpp:268]: Error: "Failed to read key reference: state_trait_kherson_kursk_canal: state_trait_kherson_kursk_canal, near line: 1
Failed to read key reference: state_trait_east_europe_plains: state_trait_east_europe_plains, near line: 1" in file: "" near line: 1
[21:28:28][pdx_persistent_reader.cpp:268]: Error: "Failed to read key reference: state_trait_ural_mine: state_trait_ural_mine, near line: 1
Failed to read key reference: state_trait_ural_mountains: state_trait_ural_mountains, near line: 1" in file: "" near line: 1
[21:28:28][pdx_persistent_reader.cpp:268]: Error: "Failed to read key reference: state_trait_east_europe_plains: state_trait_east_europe_plains, near line: 1" in file: "" near line: 1
[21:28:28][pdx_persistent_reader.cpp:268]: Error: "Failed to read key reference: state_trait_east_europe_plains: state_trait_east_europe_plains, near line: 1" in file: "" near line: 1
[21:28:28][pdx_persistent_reader.cpp:268]: Error: "Failed to read key reference: state_trait_ural_mine: state_trait_ural_mine, near line: 1
Failed to read key reference: state_trait_ural_mountains: state_trait_ural_mountains, near line: 1" in file: "" near line: 1
[21:28:28][pdx_persistent_reader.cpp:268]: Error: "Failed to read key reference: state_trait_romashkino_oilfield: state_trait_romashkino_oilfield, near line: 1" in file: "" near line: 1
[21:28:28][pdx_persistent_reader.cpp:268]: Error: "Failed to read key reference: state_trait_ili_river: state_trait_ili_river, near line: 1" in file: "" near line: 1
[21:28:28][pdx_persistent_reader.cpp:268]: Error: "Failed to read key reference: state_trait_east_europe_plains: state_trait_east_europe_plains, near line: 1" in file: "" near line: 1
[21:28:28][pdx_persistent_reader.cpp:268]: Error: "Failed to read key reference: state_trait_caucasus_mine: state_trait_caucasus_mine, near line: 1" in file: "" near line: 1
[21:28:28][pdx_persistent_reader.cpp:268]: Error: "Failed to read key reference: state_trait_donbas_coalfield: state_trait_donbas_coalfield, near line: 1
Failed to read key reference: state_trait_east_europe_plains: state_trait_east_europe_plains, near line: 1" in file: "" near line: 1
[21:28:28][pdx_persistent_reader.cpp:268]: Error: "Failed to read key reference: state_trait_east_europe_plains: state_trait_east_europe_plains, near line: 1" in file: "" near line: 1
[21:28:28][pdx_persistent_reader.cpp:268]: Error: "Failed to read key reference: state_trait_east_europe_plains: state_trait_east_europe_plains, near line: 1" in file: "" near line: 1
[21:28:28][pdx_persistent_reader.cpp:268]: Error: "Failed to read key reference: state_trait_east_europe_plains: state_trait_east_europe_plains, near line: 1" in file: "" near line: 1
[21:28:28][pdx_persistent_reader.cpp:268]: Error: "Failed to read key reference: state_trait_east_europe_plains: state_trait_east_europe_plains, near line: 1" in file: "" near line: 1
[21:28:28][pdx_persistent_reader.cpp:268]: Error: "Failed to read key reference: state_trait_east_europe_plains: state_trait_east_europe_plains, near line: 1" in file: "" near line: 1
[21:28:28][pdx_persistent_reader.cpp:268]: Error: "Failed to read key reference: state_trait_east_europe_plains: state_trait_east_europe_plains, near line: 1" in file: "" near line: 1
[21:28:28][pdx_persistent_reader.cpp:268]: Error: "Failed to read key reference: state_trait_ural_mine: state_trait_ural_mine, near line: 1
Failed to read key reference: state_trait_ural_mountains: state_trait_ural_mountains, near line: 1
Failed to read key reference: state_trait_volga_oilfield: state_trait_volga_oilfield, near line: 1" in file: "" near line: 1
[21:28:28][pdx_persistent_reader.cpp:268]: Error: "Failed to read key reference: state_trait_ural_mountains: state_trait_ural_mountains, near line: 1
Failed to read key reference: state_trait_ural_mine: state_trait_ural_mine, near line: 1
Failed to read key reference: state_trait_west_siberian_oilfield: state_trait_west_siberian_oilfield, near line: 1" in file: "" near line: 1
[21:28:28][pdx_persistent_reader.cpp:268]: Error: "Failed to read key reference: state_trait_krasnoyarsk_leadfield: state_trait_krasnoyarsk_leadfield, near line: 1" in file: "" near line: 1
[21:28:28][pdx_persistent_reader.cpp:268]: Error: "Failed to read key reference: state_trait_altai_mountains: state_trait_altai_mountains, near line: 1" in file: "" near line: 1
[21:28:28][pdx_persistent_reader.cpp:268]: Error: "Failed to read key reference: state_trait_amur_river: state_trait_amur_river, near line: 1
Failed to read key reference: state_trait_ice_prone: state_trait_ice_prone, near line: 1" in file: "" near line: 1
[21:28:28][pdx_persistent_reader.cpp:268]: Error: "Failed to read key reference: state_trait_ural_mine: state_trait_ural_mine, near line: 1
Failed to read key reference: state_trait_ural_mountains: state_trait_ural_mountains, near line: 1" in file: "" near line: 1
[21:28:28][pdx_persistent_reader.cpp:268]: Error: "Failed to read key reference: state_trait_caucasus_mine: state_trait_caucasus_mine, near line: 1" in file: "" near line: 1
[21:28:28][pdx_persistent_reader.cpp:268]: Error: "Failed to read key reference: state_trait_east_europe_plains: state_trait_east_europe_plains, near line: 1" in file: "" near line: 1
[21:28:28][pdx_persistent_reader.cpp:268]: Error: "Failed to read key reference: state_trait_east_europe_plains: state_trait_east_europe_plains, near line: 1" in file: "" near line: 1
[21:28:28][pdx_persistent_reader.cpp:268]: Error: "Failed to read key reference: state_trait_ural_mountains: state_trait_ural_mountains, near line: 1
Failed to read key reference: state_trait_icebound: state_trait_icebound, near line: 1" in file: "" near line: 1
[21:28:28][pdx_persistent_reader.cpp:268]: Error: "Failed to read key reference: headlines_all_minor_events: headlines_all_minor_events, near line: 1
Failed to read key reference: berlin_conference_disable_event: berlin_conference_disable_event, near line: 1
Failed to read key reference: disable_flavor_functional_decisions: disable_flavor_functional_decisions, near line: 1
Failed to read key reference: enable_ordinary_victorian_century_ai_enhancement: enable_ordinary_victorian_century_ai_enhancement, near line: 1
Failed to read key reference: enable_invest_existing_buildings_only: enable_invest_existing_buildings_only, near line: 1
Failed to read key reference: enable_economic_crisis: enable_economic_crisis, near line: 1
Failed to read key reference: consolidated_arabian_peninsula_enabled: consolidated_arabian_peninsula_enabled, near line: 1
Failed to read key reference: consolidated_ethiopia_enabled: consolidated_ethiopia_enabled, near line: 1
Failed to read key reference: consolidated_lake_victoria_enabled: consolidated_lake_victoria_enabled, near line: 1
Failed to read key reference: consolidated_niger_region_enabled: consolidated_niger_region_enabled, near line: 1
Failed to read key reference: consolidated_senegal_region_enabled: consolidated_senegal_region_enabled, near line: 1
Failed to read key reference: consolidated_india_disabled: consolidated_india_disabled, near line: 1
Failed to read key reference: consolidated_thailand_enabled: consolidated_thailand_enabled, near line: 1
Failed to read key reference: consolidated_indonesia_enabled: consolidated_indonesia_enabled, near line: 1
Failed to read key reference: consolidated_australia_enabled: consolidated_australia_enabled, near line: 1
Failed to read key reference: consolidated_north_america_enabled: consolidated_north_america_enabled, near line: 1
Failed to read key reference: consolidated_central_america_enabled: consolidated_central_america_enabled, near line: 1
Failed to read key reference: consolidated_south_america_enabled: consolidated_south_america_enabled, near line: 1
Failed to read key reference: consolidated_little_three_enabled: consolidated_little_three_enabled, near line: 1
Failed to read key reference: consolidated_russia_disabled: consolidated_russia_disabled, near line: 1
Failed to read key reference: consolidated_north_africa_enabled: consolidated_north_africa_enabled, near line: 1
Failed to read key reference: consolidated_italy_enabled: consolidated_italy_enabled, near line: 1
Failed to read key reference: consolidated_germany_enabled: consolidated_germany_enabled, near line: 1
Failed to read key reference: consolidated_polynesia_enabled: consolidated_polynesia_enabled, near line: 1
Failed to read key reference: consolidated_south_africa_enabled: consolidated_south_africa_enabled, near line: 1
Failed to read key reference: consolidated_treaty_ports_enabled: consolidated_treaty_ports_enabled, near line: 1
Failed to read key reference: consolidated_central_asia_enabled: consolidated_central_asia_enabled, near line: 1
Failed to read key reference: consolidated_lux_moldova_enabled: consolidated_lux_moldova_enabled, near line: 1
Failed to read key reference: consolidated_med_ports_enabled: consolidated_med_ports_enabled, near line: 1
Failed to read key reference: consolidated_kenya_coast_enabled: consolidated_kenya_coast_enabled, near line: 1" in file: "" near line: 1
[21:28:28][pdx_persistent_reader.cpp:268]: Error: "Failed to read key reference: ship_names_historical_imperial_frigates: ship_names_historical_imperial_frigates, near line: 1" in file: "" near line: 1
[21:28:28][pdx_persistent_reader.cpp:268]: Error: "Failed to read key reference: ship_names_historical_imperial_frigates: ship_names_historical_imperial_frigates, near line: 1" in file: "" near line: 1
[21:28:28][pdx_persistent_reader.cpp:268]: Error: "Failed to read key reference: ship_names_historical_imperial_frigates: ship_names_historical_imperial_frigates, near line: 1" in file: "" near line: 1
[21:28:28][pdx_persistent_reader.cpp:268]: Error: "Failed to read key reference: ship_names_historical_imperial_frigates: ship_names_historical_imperial_frigates, near line: 1" in file: "" near line: 1
[21:28:28][pdx_persistent_reader.cpp:268]: Error: "Failed to read key reference: ship_names_historical_imperial_frigates: ship_names_historical_imperial_frigates, near line: 1" in file: "" near line: 1
[21:28:28][pdx_persistent_reader.cpp:268]: Error: "Failed to read key reference: ship_names_historical_imperial_frigates: ship_names_historical_imperial_frigates, near line: 1" in file: "" near line: 1
[21:28:28][pdx_persistent_reader.cpp:268]: Error: "Failed to read key reference: ship_names_historical_imperial_capital_ships: ship_names_historical_imperial_capital_ships, near line: 1" in file: "" near line: 1
[21:28:28][pdx_persistent_reader.cpp:268]: Error: "Failed to read key reference: ship_names_historical_imperial_frigates: ship_names_historical_imperial_frigates, near line: 1" in file: "" near line: 1
[21:28:28][pdx_persistent_reader.cpp:268]: Error: "Failed to read key reference: ship_names_historical_imperial_frigates: ship_names_historical_imperial_frigates, near line: 1" in file: "" near line: 1
[21:28:28][pdx_persistent_reader.cpp:268]: Error: "Failed to read key reference: ship_names_historical_imperial_frigates: ship_names_historical_imperial_frigates, near line: 1" in file: "" near line: 1
[21:28:28][pdx_persistent_reader.cpp:268]: Error: "Failed to read key reference: ship_names_historical_imperial_frigates: ship_names_historical_imperial_frigates, near line: 1" in file: "" near line: 1
[21:28:28][pdx_persistent_reader.cpp:268]: Error: "Failed to read key reference: IMP: IMP, near line: 1" in file: "" near line: 1
[21:28:28][pdx_persistent_reader.cpp:268]: Error: "Failed to read key reference: RME: RME, near line: 1" in file: "" near line: 1
[21:28:28][company.cpp:158]: Failed to read key reference company_royal_arsenal from database :1
[21:28:28][company.cpp:158]: Failed to read key reference company_brown_sharpe from database :1
[21:28:28][company.cpp:158]: Failed to read key reference company_admiralty_rijkswerf from database :1
[21:28:28][pdx_persistent_reader.cpp:268]: Error: "Failed to read key reference: strait_crossing_18871_18889: strait_crossing_18871_18889, near line: 1" in file: "" near line: 1
[21:28:28][pdx_persistent_reader.cpp:268]: Error: "Failed to read key reference: strait_crossing_from_18871_18889: strait_crossing_from_18871_18889, near line: 1" in file: "" near line: 1
[21:28:28][pdx_persistent_reader.cpp:268]: Error: "Failed to read key reference: strait_crossing_to_18871_18889: strait_crossing_to_18871_18889, near line: 1" in file: "" near line: 1
[21:28:28][pdx_persistent_reader.cpp:268]: Error: "Failed to read key reference: strait_crossing_21025_20978: strait_crossing_21025_20978, near line: 1" in file: "" near line: 1
[21:28:28][pdx_persistent_reader.cpp:268]: Error: "Failed to read key reference: strait_crossing_from_21025_20978: strait_crossing_from_21025_20978, near line: 1" in file: "" near line: 1
[21:28:28][pdx_persistent_reader.cpp:268]: Error: "Failed to read key reference: strait_crossing_to_21025_20978: strait_crossing_to_21025_20978, near line: 1" in file: "" near line: 1
[21:28:28][pdx_persistent_reader.cpp:268]: Error: "Failed to read key reference: strait_crossing_19325_19326: strait_crossing_19325_19326, near line: 1" in file: "" near line: 1
[21:28:28][pdx_persistent_reader.cpp:268]: Error: "Failed to read key reference: strait_crossing_from_19325_19326: strait_crossing_from_19325_19326, near line: 1" in file: "" near line: 1
[21:28:28][pdx_persistent_reader.cpp:268]: Error: "Failed to read key reference: strait_crossing_to_19325_19326: strait_crossing_to_19325_19326, near line: 1" in file: "" near line: 1
[21:28:28][pdx_persistent_reader.cpp:268]: Error: "Failed to read key reference: strait_crossing_19591_19592: strait_crossing_19591_19592, near line: 1" in file: "" near line: 1
[21:28:28][pdx_persistent_reader.cpp:268]: Error: "Failed to read key reference: strait_crossing_from_19591_19592: strait_crossing_from_19591_19592, near line: 1" in file: "" near line: 1
[21:28:28][pdx_persistent_reader.cpp:268]: Error: "Failed to read key reference: strait_crossing_to_19591_19592: strait_crossing_to_19591_19592, near line: 1" in file: "" near line: 1
[21:28:28][pdx_persistent_reader.cpp:268]: Error: "Failed to read key reference: strait_crossing_35499_35497: strait_crossing_35499_35497, near line: 1" in file: "" near line: 1
[21:28:28][pdx_persistent_reader.cpp:268]: Error: "Failed to read key reference: strait_crossing_from_35499_35497: strait_crossing_from_35499_35497, near line: 1" in file: "" near line: 1
[21:28:28][pdx_persistent_reader.cpp:268]: Error: "Failed to read key reference: strait_crossing_to_35499_35497: strait_crossing_to_35499_35497, near line: 1" in file: "" near line: 1
[21:28:28][pdx_persistent_reader.cpp:268]: Error: "Failed to read key reference: strait_crossing_16952_16950: strait_crossing_16952_16950, near line: 1" in file: "" near line: 1
[21:28:28][pdx_persistent_reader.cpp:268]: Error: "Failed to read key reference: strait_crossing_to_16952_16950: strait_crossing_to_16952_16950, near line: 1" in file: "" near line: 1
[21:28:28][pdx_persistent_reader.cpp:268]: Error: "Failed to read key reference: strait_crossing_19181_19172: strait_crossing_19181_19172, near line: 1" in file: "" near line: 1
[21:28:28][pdx_persistent_reader.cpp:268]: Error: "Failed to read key reference: strait_crossing_from_19181_19172: strait_crossing_from_19181_19172, near line: 1" in file: "" near line: 1
[21:28:28][pdx_persistent_reader.cpp:268]: Error: "Failed to read key reference: strait_crossing_to_19181_19172: strait_crossing_to_19181_19172, near line: 1" in file: "" near line: 1
[21:28:28][pdx_persistent_reader.cpp:268]: Error: "Failed to read key reference: strait_crossing_20087_20299: strait_crossing_20087_20299, near line: 1" in file: "" near line: 1
[21:28:28][pdx_persistent_reader.cpp:268]: Error: "Failed to read key reference: strait_crossing_from_20087_20299: strait_crossing_from_20087_20299, near line: 1" in file: "" near line: 1
[21:28:28][pdx_persistent_reader.cpp:268]: Error: "Failed to read key reference: strait_crossing_to_20087_20299: strait_crossing_to_20087_20299, near line: 1" in file: "" near line: 1
[21:28:28][pdx_persistent_reader.cpp:268]: Error: "Failed to read key reference: strait_crossing_20298_20296: strait_crossing_20298_20296, near line: 1" in file: "" near line: 1
[21:28:28][pdx_persistent_reader.cpp:268]: Error: "Failed to read key reference: strait_crossing_from_20298_20296: strait_crossing_from_20298_20296, near line: 1" in file: "" near line: 1
[21:28:28][pdx_persistent_reader.cpp:268]: Error: "Failed to read key reference: strait_crossing_to_20298_20296: strait_crossing_to_20298_20296, near line: 1" in file: "" near line: 1
[21:28:28][pdx_persistent_reader.cpp:268]: Error: "Failed to read key reference: strait_crossing_20296_19898: strait_crossing_20296_19898, near line: 1" in file: "" near line: 1
[21:28:28][pdx_persistent_reader.cpp:268]: Error: "Failed to read key reference: strait_crossing_from_20296_19898: strait_crossing_from_20296_19898, near line: 1" in file: "" near line: 1
[21:28:28][pdx_persistent_reader.cpp:268]: Error: "Failed to read key reference: strait_crossing_to_20296_19898: strait_crossing_to_20296_19898, near line: 1" in file: "" near line: 1
[21:28:28][pdx_persistent_reader.cpp:268]: Error: "Failed to read key reference: strait_crossing_20296_20284: strait_crossing_20296_20284, near line: 1" in file: "" near line: 1
[21:28:28][pdx_persistent_reader.cpp:268]: Error: "Failed to read key reference: strait_crossing_from_20296_20284: strait_crossing_from_20296_20284, near line: 1" in file: "" near line: 1
[21:28:28][pdx_persistent_reader.cpp:268]: Error: "Failed to read key reference: strait_crossing_to_20296_20284: strait_crossing_to_20296_20284, near line: 1" in file: "" near line: 1
[21:28:28][pdx_persistent_reader.cpp:268]: Error: "Failed to read key reference: strait_crossing_39605_39550: strait_crossing_39605_39550, near line: 1" in file: "" near line: 1
[21:28:28][pdx_persistent_reader.cpp:268]: Error: "Failed to read key reference: strait_crossing_from_39605_39550: strait_crossing_from_39605_39550, near line: 1" in file: "" near line: 1
[21:28:28][pdx_persistent_reader.cpp:268]: Error: "Failed to read key reference: strait_crossing_to_39605_39550: strait_crossing_to_39605_39550, near line: 1" in file: "" near line: 1
[21:28:28][pdx_persistent_reader.cpp:268]: Error: "Failed to read key reference: strait_crossing_19190_19245: strait_crossing_19190_19245, near line: 1" in file: "" near line: 1
[21:28:28][pdx_persistent_reader.cpp:268]: Error: "Failed to read key reference: strait_crossing_from_19190_19245: strait_crossing_from_19190_19245, near line: 1" in file: "" near line: 1
[21:28:28][pdx_persistent_reader.cpp:268]: Error: "Failed to read key reference: strait_crossing_17208_17289: strait_crossing_17208_17289, near line: 1" in file: "" near line: 1
[21:28:28][pdx_persistent_reader.cpp:268]: Error: "Failed to read key reference: strait_crossing_from_17208_17289: strait_crossing_from_17208_17289, near line: 1" in file: "" near line: 1
[21:28:28][pdx_persistent_reader.cpp:268]: Error: "Failed to read key reference: strait_crossing_to_17208_17289: strait_crossing_to_17208_17289, near line: 1" in file: "" near line: 1
[21:28:28][pdx_persistent_reader.cpp:268]: Error: "Failed to read key reference: strait_crossing_17289_17285: strait_crossing_17289_17285, near line: 1" in file: "" near line: 1
[21:28:28][pdx_persistent_reader.cpp:268]: Error: "Failed to read key reference: strait_crossing_from_17289_17285: strait_crossing_from_17289_17285, near line: 1" in file: "" near line: 1
[21:28:28][pdx_persistent_reader.cpp:268]: Error: "Failed to read key reference: strait_crossing_to_17289_17285: strait_crossing_to_17289_17285, near line: 1" in file: "" near line: 1
[21:28:28][pdx_persistent_reader.cpp:268]: Error: "Failed to read key reference: strait_crossing_17210_17290: strait_crossing_17210_17290, near line: 1" in file: "" near line: 1
[21:28:28][pdx_persistent_reader.cpp:268]: Error: "Failed to read key reference: strait_crossing_from_17210_17290: strait_crossing_from_17210_17290, near line: 1" in file: "" near line: 1
[21:28:28][pdx_persistent_reader.cpp:268]: Error: "Failed to read key reference: strait_crossing_to_17210_17290: strait_crossing_to_17210_17290, near line: 1" in file: "" near line: 1
[21:28:28][pdx_persistent_reader.cpp:268]: Error: "Failed to read key reference: strait_crossing_17290_17288: strait_crossing_17290_17288, near line: 1" in file: "" near line: 1
[21:28:28][pdx_persistent_reader.cpp:268]: Error: "Failed to read key reference: strait_crossing_from_17290_17288: strait_crossing_from_17290_17288, near line: 1" in file: "" near line: 1
[21:28:28][pdx_persistent_reader.cpp:268]: Error: "Failed to read key reference: strait_crossing_to_17290_17288: strait_crossing_to_17290_17288, near line: 1" in file: "" near line: 1
[21:28:28][pdx_persistent_reader.cpp:268]: Error: "Failed to read key reference: strait_crossing_32251_32270: strait_crossing_32251_32270, near line: 1" in file: "" near line: 1
[21:28:28][pdx_persistent_reader.cpp:268]: Error: "Failed to read key reference: strait_crossing_from_32251_32270: strait_crossing_from_32251_32270, near line: 1" in file: "" near line: 1
[21:28:28][pdx_persistent_reader.cpp:268]: Error: "Failed to read key reference: strait_crossing_to_32251_32270: strait_crossing_to_32251_32270, near line: 1" in file: "" near line: 1
[21:28:28][pdx_persistent_reader.cpp:268]: Error: "Failed to read key reference: strait_crossing_24680_24683: strait_crossing_24680_24683, near line: 1" in file: "" near line: 1
[21:28:28][pdx_persistent_reader.cpp:268]: Error: "Failed to read key reference: strait_crossing_from_24680_24683: strait_crossing_from_24680_24683, near line: 1" in file: "" near line: 1
[21:28:28][pdx_persistent_reader.cpp:268]: Error: "Failed to read key reference: strait_crossing_to_24680_24683: strait_crossing_to_24680_24683, near line: 1" in file: "" near line: 1
[21:28:28][pdx_persistent_reader.cpp:268]: Error: "Failed to read key reference: strait_crossing_23475_21435: strait_crossing_23475_21435, near line: 1" in file: "" near line: 1
[21:28:28][pdx_persistent_reader.cpp:268]: Error: "Failed to read key reference: strait_crossing_to_23475_21435: strait_crossing_to_23475_21435, near line: 1" in file: "" near line: 1
[21:28:28][pdx_persistent_reader.cpp:268]: Error: "Failed to read key reference: strait_crossing_9259_9298: strait_crossing_9259_9298, near line: 1" in file: "" near line: 1
[21:28:28][pdx_persistent_reader.cpp:268]: Error: "Failed to read key reference: strait_crossing_from_9259_9298: strait_crossing_from_9259_9298, near line: 1" in file: "" near line: 1
[21:28:28][pdx_persistent_reader.cpp:268]: Error: "Failed to read key reference: strait_crossing_to_9259_9298: strait_crossing_to_9259_9298, near line: 1" in file: "" near line: 1
[21:28:28][pdx_persistent_reader.cpp:268]: Error: "Failed to read key reference: strait_crossing_9280_9230: strait_crossing_9280_9230, near line: 1" in file: "" near line: 1
[21:28:28][pdx_persistent_reader.cpp:268]: Error: "Failed to read key reference: strait_crossing_from_9280_9230: strait_crossing_from_9280_9230, near line: 1" in file: "" near line: 1
[21:28:28][pdx_persistent_reader.cpp:268]: Error: "Failed to read key reference: strait_crossing_to_9280_9230: strait_crossing_to_9280_9230, near line: 1" in file: "" near line: 1
[21:28:28][pdx_persistent_reader.cpp:268]: Error: "Failed to read key reference: strait_crossing_32229_32226: strait_crossing_32229_32226, near line: 1" in file: "" near line: 1
[21:28:28][pdx_persistent_reader.cpp:268]: Error: "Failed to read key reference: strait_crossing_from_32229_32226: strait_crossing_from_32229_32226, near line: 1" in file: "" near line: 1
[21:28:28][pdx_persistent_reader.cpp:268]: Error: "Failed to read key reference: strait_crossing_36072_36071: strait_crossing_36072_36071, near line: 1" in file: "" near line: 1
[21:28:28][pdx_persistent_reader.cpp:268]: Error: "Failed to read key reference: strait_crossing_from_36072_36071: strait_crossing_from_36072_36071, near line: 1" in file: "" near line: 1
[21:28:28][pdx_persistent_reader.cpp:268]: Error: "Failed to read key reference: strait_crossing_to_36072_36071: strait_crossing_to_36072_36071, near line: 1" in file: "" near line: 1
[21:28:28][pdx_persistent_reader.cpp:268]: Error: "Failed to read key reference: strait_crossing_36070_36071: strait_crossing_36070_36071, near line: 1" in file: "" near line: 1
[21:28:28][pdx_persistent_reader.cpp:268]: Error: "Failed to read key reference: strait_crossing_from_36070_36071: strait_crossing_from_36070_36071, near line: 1" in file: "" near line: 1
[21:28:28][pdx_persistent_reader.cpp:268]: Error: "Failed to read key reference: strait_crossing_to_36070_36071: strait_crossing_to_36070_36071, near line: 1" in file: "" near line: 1
[21:28:28][pdx_persistent_reader.cpp:268]: Error: "Failed to read key reference: strait_crossing_19556_19553: strait_crossing_19556_19553, near line: 1" in file: "" near line: 1
[21:28:28][pdx_persistent_reader.cpp:268]: Error: "Failed to read key reference: strait_crossing_from_19556_19553: strait_crossing_from_19556_19553, near line: 1" in file: "" near line: 1
[21:28:28][pdx_persistent_reader.cpp:268]: Error: "Failed to read key reference: strait_crossing_to_19556_19553: strait_crossing_to_19556_19553, near line: 1" in file: "" near line: 1
[21:28:28][pdx_persistent_reader.cpp:268]: Error: "Failed to read key reference: strait_crossing_19552_19553: strait_crossing_19552_19553, near line: 1" in file: "" near line: 1
[21:28:28][pdx_persistent_reader.cpp:268]: Error: "Failed to read key reference: strait_crossing_36233_36071: strait_crossing_36233_36071, near line: 1" in file: "" near line: 1
[21:28:28][pdx_persistent_reader.cpp:268]: Error: "Failed to read key reference: strait_crossing_from_36233_36071: strait_crossing_from_36233_36071, near line: 1" in file: "" near line: 1
[21:28:28][pdx_persistent_reader.cpp:268]: Error: "Failed to read key reference: strait_crossing_to_36233_36071: strait_crossing_to_36233_36071, near line: 1" in file: "" near line: 1
[21:28:28][pdx_persistent_reader.cpp:268]: Error: "Failed to read key reference: strait_crossing_16974_16973: strait_crossing_16974_16973, near line: 1" in file: "" near line: 1
[21:28:28][pdx_persistent_reader.cpp:268]: Error: "Failed to read key reference: strait_crossing_from_16974_16973: strait_crossing_from_16974_16973, near line: 1" in file: "" near line: 1
[21:28:28][pdx_persistent_reader.cpp:268]: Error: "Failed to read key reference: strait_crossing_to_16974_16973: strait_crossing_to_16974_16973, near line: 1" in file: "" near line: 1
[21:28:28][pdx_persistent_reader.cpp:268]: Error: "Failed to read key reference: strait_crossing_16977_16978: strait_crossing_16977_16978, near line: 1" in file: "" near line: 1
[21:28:28][pdx_persistent_reader.cpp:268]: Error: "Failed to read key reference: strait_crossing_from_16977_16978: strait_crossing_from_16977_16978, near line: 1" in file: "" near line: 1
[21:28:28][pdx_persistent_reader.cpp:268]: Error: "Failed to read key reference: strait_crossing_19401_19399: strait_crossing_19401_19399, near line: 1" in file: "" near line: 1
[21:28:28][pdx_persistent_reader.cpp:268]: Error: "Failed to read key reference: strait_crossing_19396_19395: strait_crossing_19396_19395, near line: 1" in file: "" near line: 1
[21:28:28][pdx_persistent_reader.cpp:268]: Error: "Failed to read key reference: strait_crossing_from_19396_19395: strait_crossing_from_19396_19395, near line: 1" in file: "" near line: 1
[21:28:28][pdx_persistent_reader.cpp:268]: Error: "Failed to read key reference: strait_crossing_19395_19397: strait_crossing_19395_19397, near line: 1" in file: "" near line: 1
[21:28:28][pdx_persistent_reader.cpp:268]: Error: "Failed to read key reference: strait_crossing_to_19395_19397: strait_crossing_to_19395_19397, near line: 1" in file: "" near line: 1
[21:28:28][pdx_persistent_reader.cpp:268]: Error: "Failed to read key reference: strait_crossing_19397_19398: strait_crossing_19397_19398, near line: 1" in file: "" near line: 1
[21:28:28][pdx_persistent_reader.cpp:268]: Error: "Failed to read key reference: strait_crossing_from_19397_19398: strait_crossing_from_19397_19398, near line: 1" in file: "" near line: 1
[21:28:28][pdx_persistent_reader.cpp:268]: Error: "Failed to read key reference: strait_crossing_to_19397_19398: strait_crossing_to_19397_19398, near line: 1" in file: "" near line: 1
[21:28:28][pdx_persistent_reader.cpp:268]: Error: "Failed to read key reference: strait_crossing_19391_19392: strait_crossing_19391_19392, near line: 1" in file: "" near line: 1
[21:28:28][pdx_persistent_reader.cpp:268]: Error: "Failed to read key reference: strait_crossing_to_19391_19392: strait_crossing_to_19391_19392, near line: 1" in file: "" near line: 1
[21:28:28][pdx_persistent_reader.cpp:268]: Error: "Failed to read key reference: strait_crossing_17010_17009: strait_crossing_17010_17009, near line: 1" in file: "" near line: 1
[21:28:28][pdx_persistent_reader.cpp:268]: Error: "Failed to read key reference: strait_crossing_from_17010_17009: strait_crossing_from_17010_17009, near line: 1" in file: "" near line: 1
[21:28:28][pdx_persistent_reader.cpp:268]: Error: "Failed to read key reference: strait_crossing_to_17010_17009: strait_crossing_to_17010_17009, near line: 1" in file: "" near line: 1
[21:28:28][pdx_persistent_reader.cpp:268]: Error: "Failed to read key reference: strait_crossing_9354_9355: strait_crossing_9354_9355, near line: 1" in file: "" near line: 1
[21:28:28][pdx_persistent_reader.cpp:268]: Error: "Failed to read key reference: strait_crossing_from_9354_9355: strait_crossing_from_9354_9355, near line: 1" in file: "" near line: 1
[21:28:28][pdx_persistent_reader.cpp:268]: Error: "Failed to read key reference: strait_crossing_to_9354_9355: strait_crossing_to_9354_9355, near line: 1" in file: "" near line: 1
[21:28:28][pdx_persistent_reader.cpp:268]: Error: "Failed to read key reference: strait_crossing_20800_20818: strait_crossing_20800_20818, near line: 1" in file: "" near line: 1
[21:28:28][pdx_persistent_reader.cpp:268]: Error: "Failed to read key reference: strait_crossing_from_20800_20818: strait_crossing_from_20800_20818, near line: 1" in file: "" near line: 1
[21:28:28][pdx_persistent_reader.cpp:268]: Error: "Failed to read key reference: strait_crossing_to_20800_20818: strait_crossing_to_20800_20818, near line: 1" in file: "" near line: 1
[21:28:28][pdx_persistent_reader.cpp:268]: Error: "Failed to read key reference: strait_crossing_3308_3318: strait_crossing_3308_3318, near line: 1" in file: "" near line: 1
[21:28:28][pdx_persistent_reader.cpp:268]: Error: "Failed to read key reference: strait_crossing_to_3308_3318: strait_crossing_to_3308_3318, near line: 1" in file: "" near line: 1
[21:28:28][pdx_persistent_reader.cpp:268]: Error: "Failed to read key reference: strait_crossing_32229_32228: strait_crossing_32229_32228, near line: 1" in file: "" near line: 1
[21:28:28][pdx_persistent_reader.cpp:268]: Error: "Failed to read key reference: strait_crossing_from_32229_32228: strait_crossing_from_32229_32228, near line: 1" in file: "" near line: 1
[21:28:28][pdx_persistent_reader.cpp:268]: Error: "Failed to read key reference: strait_crossing_to_32229_32228: strait_crossing_to_32229_32228, near line: 1" in file: "" near line: 1
[21:28:28][pdx_persistent_reader.cpp:268]: Error: "Failed to read key reference: strait_crossing_27684_27679: strait_crossing_27684_27679, near line: 1" in file: "" near line: 1
[21:28:28][pdx_persistent_reader.cpp:268]: Error: "Failed to read key reference: strait_crossing_from_27684_27679: strait_crossing_from_27684_27679, near line: 1" in file: "" near line: 1
[21:28:28][pdx_persistent_reader.cpp:268]: Error: "Failed to read key reference: strait_crossing_to_27684_27679: strait_crossing_to_27684_27679, near line: 1" in file: "" near line: 1
[21:28:28][pdx_persistent_reader.cpp:268]: Error: "Failed to read key reference: strait_crossing_36686_36684: strait_crossing_36686_36684, near line: 1" in file: "" near line: 1
[21:28:28][pdx_persistent_reader.cpp:268]: Error: "Failed to read key reference: strait_crossing_from_36686_36684: strait_crossing_from_36686_36684, near line: 1" in file: "" near line: 1
[21:28:28][pdx_persistent_reader.cpp:268]: Error: "Failed to read key reference: strait_crossing_to_36686_36684: strait_crossing_to_36686_36684, near line: 1" in file: "" near line: 1
[21:28:28][pdx_persistent_reader.cpp:268]: Error: "Failed to read key reference: strait_crossing_9356_9352: strait_crossing_9356_9352, near line: 1" in file: "" near line: 1
[21:28:28][pdx_persistent_reader.cpp:268]: Error: "Failed to read key reference: strait_crossing_to_9356_9352: strait_crossing_to_9356_9352, near line: 1" in file: "" near line: 1
[21:28:28][pdx_persistent_reader.cpp:268]: Error: "Failed to read key reference: strait_crossing_9368_9360: strait_crossing_9368_9360, near line: 1" in file: "" near line: 1
[21:28:28][pdx_persistent_reader.cpp:268]: Error: "Failed to read key reference: strait_crossing_9227_9270: strait_crossing_9227_9270, near line: 1" in file: "" near line: 1
[21:28:28][pdx_persistent_reader.cpp:268]: Error: "Failed to read key reference: strait_crossing_to_9227_9270: strait_crossing_to_9227_9270, near line: 1" in file: "" near line: 1
[21:28:28][pdx_persistent_reader.cpp:268]: Error: "Failed to read key reference: strait_crossing_18707_18782: strait_crossing_18707_18782, near line: 1" in file: "" near line: 1
[21:28:28][pdx_persistent_reader.cpp:268]: Error: "Failed to read key reference: strait_crossing_to_18707_18782: strait_crossing_to_18707_18782, near line: 1" in file: "" near line: 1
[21:28:28][pdx_persistent_reader.cpp:268]: Error: "Failed to read key reference: amendment_salt_monopoly: amendment_salt_monopoly, near line: 1" in file: "" near line: 1
[21:28:28][pdx_persistent_reader.cpp:268]: Error: "Failed to read key reference: amendment_aus_gesetzbuch: amendment_aus_gesetzbuch, near line: 1" in file: "" near line: 1
[21:28:28][pdx_persistent_reader.cpp:268]: Error: "Failed to read key reference: amendment_landwehr_system: amendment_landwehr_system, near line: 1" in file: "" near line: 1
[21:28:28][pdx_persistent_reader.cpp:268]: Error: "Failed to read key reference: amendment_common_law: amendment_common_law, near line: 1" in file: "" near line: 1
[21:28:28][pdx_persistent_reader.cpp:268]: Error: "Failed to read key reference: amendment_bic_salt_tax: amendment_bic_salt_tax, near line: 1" in file: "" near line: 1
[21:28:28][pdx_persistent_reader.cpp:268]: Error: "Failed to read key reference: amendment_1793_permanent_settlement: amendment_1793_permanent_settlement, near line: 1" in file: "" near line: 1
[21:28:28][pdx_persistent_reader.cpp:268]: Error: "Failed to read key reference: amendment_salt_monopoly: amendment_salt_monopoly, near line: 1" in file: "" near line: 1
[21:28:28][pdx_persistent_reader.cpp:268]: Error: "Failed to read key reference: amendment_qing_land_tax: amendment_qing_land_tax, near line: 1" in file: "" near line: 1
[21:28:28][pdx_persistent_reader.cpp:268]: Error: "Failed to read key reference: amendment_tifayifu_act: amendment_tifayifu_act, near line: 1" in file: "" near line: 1
[21:28:28][pdx_persistent_reader.cpp:268]: Error: "Failed to read key reference: amendment_family_register: amendment_family_register, near line: 1" in file: "" near line: 1
[21:28:28][pdx_persistent_reader.cpp:268]: Error: "Failed to read key reference: amendment_1789_decree_on_the_goods: amendment_1789_decree_on_the_goods, near line: 1" in file: "" near line: 1
[21:28:28][pdx_persistent_reader.cpp:268]: Error: "Failed to read key reference: amendment_declaration_of_the_rights_of_man: amendment_declaration_of_the_rights_of_man, near line: 1" in file: "" near line: 1
[21:28:28][pdx_persistent_reader.cpp:268]: Error: "Failed to read key reference: amendment_civil_code_of_french: amendment_civil_code_of_french, near line: 1" in file: "" near line: 1
[21:28:28][pdx_persistent_reader.cpp:268]: Error: "Failed to read key reference: amendment_window_tax: amendment_window_tax, near line: 1" in file: "" near line: 1
[21:28:28][pdx_persistent_reader.cpp:268]: Error: "Failed to read key reference: amendment_westminster_system_amendment: amendment_westminster_system_amendment, near line: 1" in file: "" near line: 1
[21:28:28][pdx_persistent_reader.cpp:268]: Error: "Failed to read key reference: amendment_magna_carta_amendment: amendment_magna_carta_amendment, near line: 1" in file: "" near line: 1
[21:28:28][pdx_persistent_reader.cpp:268]: Error: "Failed to read key reference: amendment_bill_of_rights_1689_amendment: amendment_bill_of_rights_1689_amendment, near line: 1" in file: "" near line: 1
[21:28:28][pdx_persistent_reader.cpp:268]: Error: "Failed to read key reference: amendment_slavery_abolition_act_1833_amendment: amendment_slavery_abolition_act_1833_amendment, near line: 1" in file: "" near line: 1
[21:28:28][pdx_persistent_reader.cpp:268]: Error: "Failed to read key reference: amendment_common_law: amendment_common_law, near line: 1" in file: "" near line: 1
[21:28:28][pdx_persistent_reader.cpp:268]: Error: "Failed to read key reference: amendment_1773_inclosure_act: amendment_1773_inclosure_act, near line: 1" in file: "" near line: 1
[21:28:28][pdx_persistent_reader.cpp:268]: Error: "Failed to read key reference: amendment_danka_system: amendment_danka_system, near line: 1" in file: "" near line: 1
[21:28:28][pdx_persistent_reader.cpp:268]: Error: "Failed to read key reference: amendment_window_tax: amendment_window_tax, near line: 1" in file: "" near line: 1
[21:28:28][pdx_persistent_reader.cpp:268]: Error: "Failed to read key reference: amendment_pru_general_state_laws: amendment_pru_general_state_laws, near line: 1" in file: "" near line: 1
[21:28:28][pdx_persistent_reader.cpp:268]: Error: "Failed to read key reference: amendment_landwehr_conscription: amendment_landwehr_conscription, near line: 1" in file: "" near line: 1
[21:28:28][pdx_persistent_reader.cpp:268]: Error: "Failed to read key reference: amendment_landwehr_system: amendment_landwehr_system, near line: 1" in file: "" near line: 1
[21:28:28][pdx_persistent_reader.cpp:268]: Error: "Failed to read key reference: amendment_rus_20_years_conscription: amendment_rus_20_years_conscription, near line: 1" in file: "" near line: 1
[21:28:28][pdx_persistent_reader.cpp:268]: Error: "Failed to read key reference: amendment_table_of_ranks: amendment_table_of_ranks, near line: 1" in file: "" near line: 1
[21:28:28][pdx_persistent_reader.cpp:268]: Error: "Failed to read key reference: amendment_salt_monopoly: amendment_salt_monopoly, near line: 1" in file: "" near line: 1
[21:28:28][pdx_persistent_reader.cpp:268]: Error: "Failed to read key reference: amendment_kanunname_law: amendment_kanunname_law, near line: 1" in file: "" near line: 1
[21:28:28][pdx_persistent_reader.cpp:268]: Error: "Failed to read key reference: amendment_american_third_amendment: amendment_american_third_amendment, near line: 1" in file: "" near line: 1
[21:28:28][pdx_persistent_reader.cpp:268]: Error: "Failed to read key reference: amendment_american_fifth_amendment: amendment_american_fifth_amendment, near line: 1" in file: "" near line: 1
[21:28:28][pdx_persistent_reader.cpp:268]: Error: "Failed to read key reference: amendment_american_sixth_amendment: amendment_american_sixth_amendment, near line: 1" in file: "" near line: 1
[21:28:28][pdx_persistent_reader.cpp:268]: Error: "Failed to read key reference: amendment_american_eighth_amendment: amendment_american_eighth_amendment, near line: 1" in file: "" near line: 1
[21:28:28][pdx_persistent_reader.cpp:268]: Error: "Failed to read key reference: amendment_american_tenth_amendment: amendment_american_tenth_amendment, near line: 1" in file: "" near line: 1
[21:28:28][pdx_persistent_reader.cpp:268]: Error: "Failed to read key reference: amendment_usa_declaration_of_independence: amendment_usa_declaration_of_independence, near line: 1" in file: "" near line: 1
[21:28:28][pdx_persistent_reader.cpp:268]: Error: "Failed to read key reference: amendment_american_first_amendment: amendment_american_first_amendment, near line: 1" in file: "" near line: 1
[21:28:28][pdx_persistent_reader.cpp:268]: Error: "Failed to read key reference: amendment_catholic_emancipation_act: amendment_catholic_emancipation_act, near line: 1" in file: "" near line: 1
[21:28:28][pdx_persistent_reader.cpp:268]: Error: "Failed to read key reference: amendment_landwehr_system: amendment_landwehr_system, near line: 1" in file: "" near line: 1
[21:28:28][pdx_persistent_reader.cpp:268]: Error: "Failed to read key reference: amendment_landwehr_system: amendment_landwehr_system, near line: 1" in file: "" near line: 1
[21:28:28][pdx_persistent_reader.cpp:268]: Error: "Failed to read key reference: amendment_landwehr_system: amendment_landwehr_system, near line: 1" in file: "" near line: 1
[21:28:28][pdx_persistent_reader.cpp:268]: Error: "Failed to read key reference: amendment_landwehr_system: amendment_landwehr_system, near line: 1" in file: "" near line: 1
[21:28:28][pdx_persistent_reader.cpp:268]: Error: "Failed to read key reference: amendment_landwehr_system: amendment_landwehr_system, near line: 1" in file: "" near line: 1
[21:28:28][pdx_persistent_reader.cpp:268]: Error: "Failed to read key reference: amendment_landwehr_system: amendment_landwehr_system, near line: 1" in file: "" near line: 1
[21:28:28][pdx_persistent_reader.cpp:268]: Error: "Failed to read key reference: amendment_landwehr_system: amendment_landwehr_system, near line: 1" in file: "" near line: 1
[21:28:28][pdx_persistent_reader.cpp:268]: Error: "Failed to read key reference: amendment_landwehr_system: amendment_landwehr_system, near line: 1" in file: "" near line: 1
[21:28:28][pdx_persistent_reader.cpp:268]: Error: "Failed to read key reference: amendment_family_register: amendment_family_register, near line: 1" in file: "" near line: 1
[21:28:28][pdx_persistent_reader.cpp:268]: Error: "Failed to read key reference: amendment_family_register: amendment_family_register, near line: 1" in file: "" near line: 1
[21:28:28][pdx_persistent_reader.cpp:268]: Error: "Failed to read key reference: amendment_family_register: amendment_family_register, near line: 1" in file: "" near line: 1
[21:28:28][pdx_persistent_reader.cpp:268]: Error: "Failed to read key reference: amendment_family_register: amendment_family_register, near line: 1" in file: "" near line: 1
[21:28:28][pdx_persistent_reader.cpp:268]: Error: "Failed to read key reference: amendment_american_forth_amendment: amendment_american_forth_amendment, near line: 1" in file: "" near line: 1
[21:28:28][pdx_persistent_reader.cpp:268]: Error: "Failed to read key reference: amendment_common_law: amendment_common_law, near line: 1" in file: "" near line: 1
[21:28:28][pdx_persistent_reader.cpp:268]: Error: "Failed to read key reference: amendment_american_seventh_amendment: amendment_american_seventh_amendment, near line: 1" in file: "" near line: 1
[21:28:28][pdx_persistent_reader.cpp:268]: Error: "Failed to read key reference: amendment_westminster_system_amendment: amendment_westminster_system_amendment, near line: 1" in file: "" near line: 1
[21:28:28][pdx_persistent_reader.cpp:268]: Error: "Failed to read key reference: amendment_common_law: amendment_common_law, near line: 1" in file: "" near line: 1
[21:28:28][pdx_persistent_reader.cpp:268]: Error: "Failed to read key reference: amendment_westminster_system_amendment: amendment_westminster_system_amendment, near line: 1" in file: "" near line: 1
[21:28:28][pdx_persistent_reader.cpp:268]: Error: "Failed to read key reference: amendment_common_law: amendment_common_law, near line: 1" in file: "" near line: 1
[21:28:28][pdx_persistent_reader.cpp:268]: Error: "Failed to read key reference: amendment_westminster_system_amendment: amendment_westminster_system_amendment, near line: 1" in file: "" near line: 1
[21:28:28][pdx_persistent_reader.cpp:268]: Error: "Failed to read key reference: amendment_common_law: amendment_common_law, near line: 1" in file: "" near line: 1
[21:28:28][pdx_persistent_reader.cpp:268]: Error: "Failed to read key reference: amendment_westminster_system_amendment: amendment_westminster_system_amendment, near line: 1" in file: "" near line: 1
[21:28:28][pdx_persistent_reader.cpp:268]: Error: "Failed to read key reference: amendment_common_law: amendment_common_law, near line: 1" in file: "" near line: 1
[21:28:28][pdx_persistent_reader.cpp:268]: Error: "Failed to read key reference: amendment_westminster_system_amendment: amendment_westminster_system_amendment, near line: 1" in file: "" near line: 1
[21:28:28][pdx_persistent_reader.cpp:268]: Error: "Failed to read key reference: amendment_common_law: amendment_common_law, near line: 1" in file: "" near line: 1
[21:28:28][pdx_persistent_reader.cpp:268]: Error: "Failed to read key reference: amendment_westminster_system_amendment: amendment_westminster_system_amendment, near line: 1" in file: "" near line: 1
[21:28:28][pdx_persistent_reader.cpp:268]: Error: "Failed to read key reference: amendment_common_law: amendment_common_law, near line: 1" in file: "" near line: 1
[21:28:28][pdx_persistent_reader.cpp:268]: Error: "Failed to read key reference: amendment_westminster_system_amendment: amendment_westminster_system_amendment, near line: 1" in file: "" near line: 1
[21:28:28][pdx_persistent_reader.cpp:268]: Error: "Failed to read key reference: amendment_common_law: amendment_common_law, near line: 1" in file: "" near line: 1
[21:28:28][pdx_persistent_reader.cpp:268]: Error: "Failed to read key reference: amendment_westminster_system_amendment: amendment_westminster_system_amendment, near line: 1" in file: "" near line: 1
[21:28:28][pdx_persistent_reader.cpp:268]: Error: "Failed to read key reference: amendment_common_law: amendment_common_law, near line: 1" in file: "" near line: 1
[21:28:28][pdx_persistent_reader.cpp:268]: Error: "Failed to read key reference: amendment_westminster_system_amendment: amendment_westminster_system_amendment, near line: 1" in file: "" near line: 1
[21:28:28][pdx_persistent_reader.cpp:268]: Error: "Failed to read key reference: amendment_common_law: amendment_common_law, near line: 1" in file: "" near line: 1
[21:28:28][pdx_persistent_reader.cpp:268]: Error: "Failed to read key reference: amendment_westminster_system_amendment: amendment_westminster_system_amendment, near line: 1" in file: "" near line: 1
[21:28:28][pdx_persistent_reader.cpp:268]: Error: "Failed to read key reference: amendment_common_law: amendment_common_law, near line: 1" in file: "" near line: 1
[21:28:28][pdx_persistent_reader.cpp:268]: Error: "Failed to read key reference: amendment_westminster_system_amendment: amendment_westminster_system_amendment, near line: 1" in file: "" near line: 1
[21:28:28][pdx_persistent_reader.cpp:268]: Error: "Failed to read key reference: amendment_common_law: amendment_common_law, near line: 1" in file: "" near line: 1
[21:28:28][pdx_persistent_reader.cpp:268]: Error: "Failed to read key reference: amendment_westminster_system_amendment: amendment_westminster_system_amendment, near line: 1" in file: "" near line: 1
[21:28:28][pdx_persistent_reader.cpp:268]: Error: "Failed to read key reference: amendment_common_law: amendment_common_law, near line: 1" in file: "" near line: 1
[21:28:28][pdx_persistent_reader.cpp:268]: Error: "Failed to read key reference: amendment_westminster_system_amendment: amendment_westminster_system_amendment, near line: 1" in file: "" near line: 1
[21:28:28][pdx_persistent_reader.cpp:268]: Error: "Failed to read key reference: amendment_common_law: amendment_common_law, near line: 1" in file: "" near line: 1
[21:28:28][pdx_persistent_reader.cpp:268]: Error: "Failed to read key reference: amendment_westminster_system_amendment: amendment_westminster_system_amendment, near line: 1" in file: "" near line: 1
[21:28:28][pdx_persistent_reader.cpp:268]: Error: "Failed to read key reference: amendment_common_law: amendment_common_law, near line: 1" in file: "" near line: 1
[21:28:28][pdx_persistent_reader.cpp:268]: Error: "Failed to read key reference: amendment_westminster_system_amendment: amendment_westminster_system_amendment, near line: 1" in file: "" near line: 1
[21:28:28][pdx_persistent_reader.cpp:268]: Error: "Failed to read key reference: amendment_common_law: amendment_common_law, near line: 1" in file: "" near line: 1
[21:28:28][pdx_persistent_reader.cpp:268]: Error: "Failed to read key reference: amendment_westminster_system_amendment: amendment_westminster_system_amendment, near line: 1" in file: "" near line: 1
[21:28:28][pdx_persistent_reader.cpp:268]: Error: "Failed to read key reference: amendment_common_law: amendment_common_law, near line: 1" in file: "" near line: 1
[21:28:28][pdx_persistent_reader.cpp:268]: Error: "Failed to read key reference: amendment_westminster_system_amendment: amendment_westminster_system_amendment, near line: 1" in file: "" near line: 1
[21:28:28][pdx_persistent_reader.cpp:268]: Error: "Failed to read key reference: amendment_common_law: amendment_common_law, near line: 1" in file: "" near line: 1
[21:28:28][pdx_persistent_reader.cpp:268]: Error: "Failed to read key reference: amendment_westminster_system_amendment: amendment_westminster_system_amendment, near line: 1" in file: "" near line: 1
[21:28:28][pdx_persistent_reader.cpp:268]: Error: "Failed to read key reference: amendment_common_law: amendment_common_law, near line: 1" in file: "" near line: 1
[21:28:28][pdx_persistent_reader.cpp:268]: Error: "Failed to read key reference: amendment_westminster_system_amendment: amendment_westminster_system_amendment, near line: 1" in file: "" near line: 1
[21:28:28][pdx_persistent_reader.cpp:268]: Error: "Failed to read key reference: amendment_common_law: amendment_common_law, near line: 1" in file: "" near line: 1
[21:28:28][pdx_persistent_reader.cpp:268]: Error: "Failed to read key reference: amendment_westminster_system_amendment: amendment_westminster_system_amendment, near line: 1" in file: "" near line: 1
[21:28:28][pdx_persistent_reader.cpp:268]: Error: "Failed to read key reference: amendment_common_law: amendment_common_law, near line: 1" in file: "" near line: 1
[21:28:28][pdx_persistent_reader.cpp:268]: Error: "Failed to read key reference: amendment_westminster_system_amendment: amendment_westminster_system_amendment, near line: 1" in file: "" near line: 1
[21:28:28][pdx_persistent_reader.cpp:268]: Error: "Failed to read key reference: amendment_common_law: amendment_common_law, near line: 1" in file: "" near line: 1
[21:28:28][pdx_persistent_reader.cpp:268]: Error: "Failed to read key reference: amendment_westminster_system_amendment: amendment_westminster_system_amendment, near line: 1" in file: "" near line: 1
[21:28:28][pdx_persistent_reader.cpp:268]: Error: "Failed to read key reference: amendment_common_law: amendment_common_law, near line: 1" in file: "" near line: 1
[21:28:28][pdx_persistent_reader.cpp:268]: Error: "Failed to read key reference: amendment_westminster_system_amendment: amendment_westminster_system_amendment, near line: 1" in file: "" near line: 1
[21:28:28][pdx_persistent_reader.cpp:268]: Error: "Failed to read key reference: amendment_common_law: amendment_common_law, near line: 1" in file: "" near line: 1
[21:28:28][pdx_persistent_reader.cpp:268]: Error: "Failed to read key reference: amendment_westminster_system_amendment: amendment_westminster_system_amendment, near line: 1" in file: "" near line: 1
[21:28:28][pdx_persistent_reader.cpp:268]: Error: "Failed to read key reference: amendment_common_law: amendment_common_law, near line: 1" in file: "" near line: 1
[21:28:28][pdx_persistent_reader.cpp:268]: Error: "Failed to read key reference: amendment_westminster_system_amendment: amendment_westminster_system_amendment, near line: 1" in file: "" near line: 1
[21:28:28][pdx_persistent_reader.cpp:268]: Error: "Failed to read key reference: amendment_common_law: amendment_common_law, near line: 1" in file: "" near line: 1
[21:28:28][pdx_persistent_reader.cpp:268]: Error: "Failed to read key reference: amendment_rus_obshchina_system: amendment_rus_obshchina_system, near line: 1" in file: "" near line: 1
[21:28:28][pdx_persistent_reader.cpp:268]: Error: "Failed to read key reference: amendment_westminster_system_amendment: amendment_westminster_system_amendment, near line: 1" in file: "" near line: 1
[21:28:28][pdx_persistent_reader.cpp:268]: Error: "Failed to read key reference: amendment_common_law: amendment_common_law, near line: 1" in file: "" near line: 1
[21:28:28][pdx_persistent_reader.cpp:268]: Error: "Failed to read key reference: amendment_westminster_system_amendment: amendment_westminster_system_amendment, near line: 1" in file: "" near line: 1
[21:28:28][pdx_persistent_reader.cpp:268]: Error: "Failed to read key reference: amendment_common_law: amendment_common_law, near line: 1" in file: "" near line: 1
[21:28:28][pdx_persistent_reader.cpp:268]: Error: "Failed to read key reference: amendment_westminster_system_amendment: amendment_westminster_system_amendment, near line: 1" in file: "" near line: 1
[21:28:28][pdx_persistent_reader.cpp:268]: Error: "Failed to read key reference: amendment_common_law: amendment_common_law, near line: 1" in file: "" near line: 1
[21:28:28][pdx_persistent_reader.cpp:268]: Error: "Failed to read key reference: amendment_westminster_system_amendment: amendment_westminster_system_amendment, near line: 1" in file: "" near line: 1
[21:28:28][pdx_persistent_reader.cpp:268]: Error: "Failed to read key reference: amendment_common_law: amendment_common_law, near line: 1" in file: "" near line: 1
[21:28:28][pdx_persistent_reader.cpp:268]: Error: "Failed to read key reference: amendment_westminster_system_amendment: amendment_westminster_system_amendment, near line: 1" in file: "" near line: 1
[21:28:28][pdx_persistent_reader.cpp:268]: Error: "Failed to read key reference: amendment_common_law: amendment_common_law, near line: 1" in file: "" near line: 1
[21:28:28][pdx_persistent_reader.cpp:268]: Error: "Failed to read key reference: amendment_westminster_system_amendment: amendment_westminster_system_amendment, near line: 1" in file: "" near line: 1
[21:28:28][pdx_persistent_reader.cpp:268]: Error: "Failed to read key reference: amendment_common_law: amendment_common_law, near line: 1" in file: "" near line: 1
[21:28:28][pdx_persistent_reader.cpp:268]: Error: "Failed to read key reference: amendment_westminster_system_amendment: amendment_westminster_system_amendment, near line: 1" in file: "" near line: 1
[21:28:28][pdx_persistent_reader.cpp:268]: Error: "Failed to read key reference: amendment_common_law: amendment_common_law, near line: 1" in file: "" near line: 1
[21:28:28][pdx_persistent_reader.cpp:268]: Error: "Failed to read key reference: amendment_westminster_system_amendment: amendment_westminster_system_amendment, near line: 1" in file: "" near line: 1
[21:28:28][pdx_persistent_reader.cpp:268]: Error: "Failed to read key reference: amendment_common_law: amendment_common_law, near line: 1" in file: "" near line: 1
[21:28:28][pdx_persistent_reader.cpp:268]: Error: "Failed to read key reference: amendment_westminster_system_amendment: amendment_westminster_system_amendment, near line: 1" in file: "" near line: 1
[21:28:28][pdx_persistent_reader.cpp:268]: Error: "Failed to read key reference: amendment_common_law: amendment_common_law, near line: 1" in file: "" near line: 1
[21:28:28][pdx_persistent_reader.cpp:268]: Error: "Failed to read key reference: amendment_westminster_system_amendment: amendment_westminster_system_amendment, near line: 1" in file: "" near line: 1
[21:28:28][pdx_persistent_reader.cpp:268]: Error: "Failed to read key reference: amendment_common_law: amendment_common_law, near line: 1" in file: "" near line: 1
[21:28:28][pdx_persistent_reader.cpp:268]: Error: "Failed to read key reference: amendment_westminster_system_amendment: amendment_westminster_system_amendment, near line: 1" in file: "" near line: 1
[21:28:28][pdx_persistent_reader.cpp:268]: Error: "Failed to read key reference: amendment_common_law: amendment_common_law, near line: 1" in file: "" near line: 1
[21:28:28][pdx_persistent_reader.cpp:268]: Error: "Failed to read key reference: amendment_westminster_system_amendment: amendment_westminster_system_amendment, near line: 1" in file: "" near line: 1
[21:28:28][pdx_persistent_reader.cpp:268]: Error: "Failed to read key reference: amendment_common_law: amendment_common_law, near line: 1" in file: "" near line: 1
[21:28:28][pdx_persistent_reader.cpp:268]: Error: "Failed to read key reference: amendment_westminster_system_amendment: amendment_westminster_system_amendment, near line: 1" in file: "" near line: 1
[21:28:28][pdx_persistent_reader.cpp:268]: Error: "Failed to read key reference: amendment_common_law: amendment_common_law, near line: 1" in file: "" near line: 1
[21:28:28][pdx_persistent_reader.cpp:268]: Error: "Failed to read key reference: amendment_westminster_system_amendment: amendment_westminster_system_amendment, near line: 1" in file: "" near line: 1
[21:28:28][pdx_persistent_reader.cpp:268]: Error: "Failed to read key reference: amendment_common_law: amendment_common_law, near line: 1" in file: "" near line: 1
[21:28:28][pdx_persistent_reader.cpp:268]: Error: "Failed to read key reference: amendment_westminster_system_amendment: amendment_westminster_system_amendment, near line: 1" in file: "" near line: 1
[21:28:28][pdx_persistent_reader.cpp:268]: Error: "Failed to read key reference: amendment_common_law: amendment_common_law, near line: 1" in file: "" near line: 1
[21:28:28][pdx_persistent_reader.cpp:268]: Error: "Failed to read key reference: amendment_westminster_system_amendment: amendment_westminster_system_amendment, near line: 1" in file: "" near line: 1
[21:28:28][pdx_persistent_reader.cpp:268]: Error: "Failed to read key reference: amendment_common_law: amendment_common_law, near line: 1" in file: "" near line: 1
[21:28:28][pdx_persistent_reader.cpp:268]: Error: "Failed to read key reference: amendment_westminster_system_amendment: amendment_westminster_system_amendment, near line: 1" in file: "" near line: 1
[21:28:28][pdx_persistent_reader.cpp:268]: Error: "Failed to read key reference: amendment_common_law: amendment_common_law, near line: 1" in file: "" near line: 1
[21:28:28][pdx_persistent_reader.cpp:268]: Error: "Failed to read key reference: amendment_westminster_system_amendment: amendment_westminster_system_amendment, near line: 1" in file: "" near line: 1
[21:28:28][pdx_persistent_reader.cpp:268]: Error: "Failed to read key reference: amendment_common_law: amendment_common_law, near line: 1" in file: "" near line: 1
[21:28:28][pdx_persistent_reader.cpp:268]: Error: "Failed to read key reference: amendment_westminster_system_amendment: amendment_westminster_system_amendment, near line: 1" in file: "" near line: 1
[21:28:28][pdx_persistent_reader.cpp:268]: Error: "Failed to read key reference: amendment_common_law: amendment_common_law, near line: 1" in file: "" near line: 1
[21:28:28][pdx_persistent_reader.cpp:268]: Error: "Failed to read key reference: amendment_westminster_system_amendment: amendment_westminster_system_amendment, near line: 1" in file: "" near line: 1
[21:28:28][pdx_persistent_reader.cpp:268]: Error: "Failed to read key reference: amendment_common_law: amendment_common_law, near line: 1" in file: "" near line: 1
[21:28:29][pdx_assert.cpp:637]: Assertion failed: Country Büyük Qing already has an active law in group  - two laws are active in the same group at once!
